/*
Navicat MySQL Data Transfer

Source Server         : localhost_3306
Source Server Version : 50733
Source Host           : localhost:3306
Source Database       : tmalldemodb

Target Server Type    : MYSQL
Target Server Version : 50733
File Encoding         : 65001

Date: 2021-05-11 14:09:43
*/

SET FOREIGN_KEY_CHECKS=0;

-- ----------------------------
-- Table structure for address
-- ----------------------------
DROP TABLE IF EXISTS `address`;
CREATE TABLE `address` (
  `address_areaId` char(6) NOT NULL COMMENT '地区编码',
  `address_name` varchar(50) NOT NULL COMMENT '省市名称',
  `address_regionId` char(6) NOT NULL COMMENT '父级省市id',
  PRIMARY KEY (`address_areaId`) USING BTREE,
  KEY `address_regionId` (`address_regionId`) USING BTREE,
  CONSTRAINT `address_ibfk_1` FOREIGN KEY (`address_regionId`) REFERENCES `address` (`address_areaId`)
) ENGINE=InnoDB DEFAULT CHARSET=utf8 ROW_FORMAT=DYNAMIC COMMENT='地址表';

-- ----------------------------
-- Records of address
-- ----------------------------
INSERT INTO `address` VALUES ('110000', '北京', '110000');
INSERT INTO `address` VALUES ('110100', '北京市', '110000');
INSERT INTO `address` VALUES ('110101', '东城区', '110100');
INSERT INTO `address` VALUES ('110102', '西城区', '110100');
INSERT INTO `address` VALUES ('110105', '朝阳区', '110100');
INSERT INTO `address` VALUES ('110106', '丰台区', '110100');
INSERT INTO `address` VALUES ('110107', '石景山区', '110100');
INSERT INTO `address` VALUES ('110108', '海淀区', '110100');
INSERT INTO `address` VALUES ('110109', '门头沟区', '110100');
INSERT INTO `address` VALUES ('110111', '房山区', '110100');
INSERT INTO `address` VALUES ('110112', '通州区', '110100');
INSERT INTO `address` VALUES ('110113', '顺义区', '110100');
INSERT INTO `address` VALUES ('110114', '昌平区', '110100');
INSERT INTO `address` VALUES ('110115', '大兴区', '110100');
INSERT INTO `address` VALUES ('110116', '怀柔区', '110100');
INSERT INTO `address` VALUES ('110117', '平谷区', '110100');
INSERT INTO `address` VALUES ('110228', '密云县', '110100');
INSERT INTO `address` VALUES ('110229', '延庆县', '110100');
INSERT INTO `address` VALUES ('120000', '天津', '120000');
INSERT INTO `address` VALUES ('120100', '天津市', '120000');
INSERT INTO `address` VALUES ('120101', '和平区', '120100');
INSERT INTO `address` VALUES ('120102', '河东区', '120100');
INSERT INTO `address` VALUES ('120103', '河西区', '120100');
INSERT INTO `address` VALUES ('120104', '南开区', '120100');
INSERT INTO `address` VALUES ('120105', '河北区', '120100');
INSERT INTO `address` VALUES ('120106', '红桥区', '120100');
INSERT INTO `address` VALUES ('120110', '东丽区', '120100');
INSERT INTO `address` VALUES ('120111', '西青区', '120100');
INSERT INTO `address` VALUES ('120112', '津南区', '120100');
INSERT INTO `address` VALUES ('120113', '北辰区', '120100');
INSERT INTO `address` VALUES ('120114', '武清区', '120100');
INSERT INTO `address` VALUES ('120115', '宝坻区', '120100');
INSERT INTO `address` VALUES ('120116', '滨海新区', '120100');
INSERT INTO `address` VALUES ('120221', '宁河县', '120100');
INSERT INTO `address` VALUES ('120223', '静海县', '120100');
INSERT INTO `address` VALUES ('120225', '蓟县', '120100');
INSERT INTO `address` VALUES ('130000', '河北省', '130000');
INSERT INTO `address` VALUES ('130100', '石家庄市', '130000');
INSERT INTO `address` VALUES ('130102', '长安区', '130100');
INSERT INTO `address` VALUES ('130104', '桥西区', '130100');
INSERT INTO `address` VALUES ('130105', '新华区', '130100');
INSERT INTO `address` VALUES ('130107', '井陉矿区', '130100');
INSERT INTO `address` VALUES ('130108', '裕华区', '130100');
INSERT INTO `address` VALUES ('130109', '藁城区', '130100');
INSERT INTO `address` VALUES ('130110', '鹿泉区', '130100');
INSERT INTO `address` VALUES ('130111', '栾城区', '130100');
INSERT INTO `address` VALUES ('130121', '井陉县', '130100');
INSERT INTO `address` VALUES ('130123', '正定县', '130100');
INSERT INTO `address` VALUES ('130125', '行唐县', '130100');
INSERT INTO `address` VALUES ('130126', '灵寿县', '130100');
INSERT INTO `address` VALUES ('130127', '高邑县', '130100');
INSERT INTO `address` VALUES ('130128', '深泽县', '130100');
INSERT INTO `address` VALUES ('130129', '赞皇县', '130100');
INSERT INTO `address` VALUES ('130130', '无极县', '130100');
INSERT INTO `address` VALUES ('130131', '平山县', '130100');
INSERT INTO `address` VALUES ('130132', '元氏县', '130100');
INSERT INTO `address` VALUES ('130133', '赵县', '130100');
INSERT INTO `address` VALUES ('130181', '辛集市', '130100');
INSERT INTO `address` VALUES ('130183', '晋州市', '130100');
INSERT INTO `address` VALUES ('130184', '新乐市', '130100');
INSERT INTO `address` VALUES ('130200', '唐山市', '130000');
INSERT INTO `address` VALUES ('130202', '路南区', '130200');
INSERT INTO `address` VALUES ('130203', '路北区', '130200');
INSERT INTO `address` VALUES ('130204', '古冶区', '130200');
INSERT INTO `address` VALUES ('130205', '开平区', '130200');
INSERT INTO `address` VALUES ('130207', '丰南区', '130200');
INSERT INTO `address` VALUES ('130208', '丰润区', '130200');
INSERT INTO `address` VALUES ('130209', '曹妃甸区', '130200');
INSERT INTO `address` VALUES ('130223', '滦县', '130200');
INSERT INTO `address` VALUES ('130224', '滦南县', '130200');
INSERT INTO `address` VALUES ('130225', '乐亭县', '130200');
INSERT INTO `address` VALUES ('130227', '迁西县', '130200');
INSERT INTO `address` VALUES ('130229', '玉田县', '130200');
INSERT INTO `address` VALUES ('130281', '遵化市', '130200');
INSERT INTO `address` VALUES ('130283', '迁安市', '130200');
INSERT INTO `address` VALUES ('130300', '秦皇岛市', '130000');
INSERT INTO `address` VALUES ('130302', '海港区', '130300');
INSERT INTO `address` VALUES ('130303', '山海关区', '130300');
INSERT INTO `address` VALUES ('130304', '北戴河区', '130300');
INSERT INTO `address` VALUES ('130321', '青龙满族自治县', '130300');
INSERT INTO `address` VALUES ('130322', '昌黎县', '130300');
INSERT INTO `address` VALUES ('130323', '抚宁县', '130300');
INSERT INTO `address` VALUES ('130324', '卢龙县', '130300');
INSERT INTO `address` VALUES ('130400', '邯郸市', '130000');
INSERT INTO `address` VALUES ('130402', '邯山区', '130400');
INSERT INTO `address` VALUES ('130403', '丛台区', '130400');
INSERT INTO `address` VALUES ('130404', '复兴区', '130400');
INSERT INTO `address` VALUES ('130406', '峰峰矿区', '130400');
INSERT INTO `address` VALUES ('130421', '邯郸县', '130400');
INSERT INTO `address` VALUES ('130423', '临漳县', '130400');
INSERT INTO `address` VALUES ('130424', '成安县', '130400');
INSERT INTO `address` VALUES ('130425', '大名县', '130400');
INSERT INTO `address` VALUES ('130426', '涉县', '130400');
INSERT INTO `address` VALUES ('130427', '磁县', '130400');
INSERT INTO `address` VALUES ('130428', '肥乡县', '130400');
INSERT INTO `address` VALUES ('130429', '永年县', '130400');
INSERT INTO `address` VALUES ('130430', '邱县', '130400');
INSERT INTO `address` VALUES ('130431', '鸡泽县', '130400');
INSERT INTO `address` VALUES ('130432', '广平县', '130400');
INSERT INTO `address` VALUES ('130433', '馆陶县', '130400');
INSERT INTO `address` VALUES ('130434', '魏县', '130400');
INSERT INTO `address` VALUES ('130435', '曲周县', '130400');
INSERT INTO `address` VALUES ('130481', '武安市', '130400');
INSERT INTO `address` VALUES ('130500', '邢台市', '130000');
INSERT INTO `address` VALUES ('130502', '桥东区', '130500');
INSERT INTO `address` VALUES ('130503', '桥西区', '130500');
INSERT INTO `address` VALUES ('130521', '邢台县', '130500');
INSERT INTO `address` VALUES ('130522', '临城县', '130500');
INSERT INTO `address` VALUES ('130523', '内丘县', '130500');
INSERT INTO `address` VALUES ('130524', '柏乡县', '130500');
INSERT INTO `address` VALUES ('130525', '隆尧县', '130500');
INSERT INTO `address` VALUES ('130526', '任县', '130500');
INSERT INTO `address` VALUES ('130527', '南和县', '130500');
INSERT INTO `address` VALUES ('130528', '宁晋县', '130500');
INSERT INTO `address` VALUES ('130529', '巨鹿县', '130500');
INSERT INTO `address` VALUES ('130530', '新河县', '130500');
INSERT INTO `address` VALUES ('130531', '广宗县', '130500');
INSERT INTO `address` VALUES ('130532', '平乡县', '130500');
INSERT INTO `address` VALUES ('130533', '威县', '130500');
INSERT INTO `address` VALUES ('130534', '清河县', '130500');
INSERT INTO `address` VALUES ('130535', '临西县', '130500');
INSERT INTO `address` VALUES ('130581', '南宫市', '130500');
INSERT INTO `address` VALUES ('130582', '沙河市', '130500');
INSERT INTO `address` VALUES ('130600', '保定市', '130000');
INSERT INTO `address` VALUES ('130602', '新市区', '130600');
INSERT INTO `address` VALUES ('130603', '北市区', '130600');
INSERT INTO `address` VALUES ('130604', '南市区', '130600');
INSERT INTO `address` VALUES ('130621', '满城县', '130600');
INSERT INTO `address` VALUES ('130622', '清苑县', '130600');
INSERT INTO `address` VALUES ('130623', '涞水县', '130600');
INSERT INTO `address` VALUES ('130624', '阜平县', '130600');
INSERT INTO `address` VALUES ('130625', '徐水县', '130600');
INSERT INTO `address` VALUES ('130626', '定兴县', '130600');
INSERT INTO `address` VALUES ('130627', '唐县', '130600');
INSERT INTO `address` VALUES ('130628', '高阳县', '130600');
INSERT INTO `address` VALUES ('130629', '容城县', '130600');
INSERT INTO `address` VALUES ('130630', '涞源县', '130600');
INSERT INTO `address` VALUES ('130631', '望都县', '130600');
INSERT INTO `address` VALUES ('130632', '安新县', '130600');
INSERT INTO `address` VALUES ('130633', '易县', '130600');
INSERT INTO `address` VALUES ('130634', '曲阳县', '130600');
INSERT INTO `address` VALUES ('130635', '蠡县', '130600');
INSERT INTO `address` VALUES ('130636', '顺平县', '130600');
INSERT INTO `address` VALUES ('130637', '博野县', '130600');
INSERT INTO `address` VALUES ('130638', '雄县', '130600');
INSERT INTO `address` VALUES ('130681', '涿州市', '130600');
INSERT INTO `address` VALUES ('130682', '定州市', '130600');
INSERT INTO `address` VALUES ('130683', '安国市', '130600');
INSERT INTO `address` VALUES ('130684', '高碑店市', '130600');
INSERT INTO `address` VALUES ('130700', '张家口市', '130000');
INSERT INTO `address` VALUES ('130702', '桥东区', '130700');
INSERT INTO `address` VALUES ('130703', '桥西区', '130700');
INSERT INTO `address` VALUES ('130705', '宣化区', '130700');
INSERT INTO `address` VALUES ('130706', '下花园区', '130700');
INSERT INTO `address` VALUES ('130721', '宣化县', '130700');
INSERT INTO `address` VALUES ('130722', '张北县', '130700');
INSERT INTO `address` VALUES ('130723', '康保县', '130700');
INSERT INTO `address` VALUES ('130724', '沽源县', '130700');
INSERT INTO `address` VALUES ('130725', '尚义县', '130700');
INSERT INTO `address` VALUES ('130726', '蔚县', '130700');
INSERT INTO `address` VALUES ('130727', '阳原县', '130700');
INSERT INTO `address` VALUES ('130728', '怀安县', '130700');
INSERT INTO `address` VALUES ('130729', '万全县', '130700');
INSERT INTO `address` VALUES ('130730', '怀来县', '130700');
INSERT INTO `address` VALUES ('130731', '涿鹿县', '130700');
INSERT INTO `address` VALUES ('130732', '赤城县', '130700');
INSERT INTO `address` VALUES ('130733', '崇礼县', '130700');
INSERT INTO `address` VALUES ('130800', '承德市', '130000');
INSERT INTO `address` VALUES ('130802', '双桥区', '130800');
INSERT INTO `address` VALUES ('130803', '双滦区', '130800');
INSERT INTO `address` VALUES ('130804', '鹰手营子矿区', '130800');
INSERT INTO `address` VALUES ('130821', '承德县', '130800');
INSERT INTO `address` VALUES ('130822', '兴隆县', '130800');
INSERT INTO `address` VALUES ('130823', '平泉县', '130800');
INSERT INTO `address` VALUES ('130824', '滦平县', '130800');
INSERT INTO `address` VALUES ('130825', '隆化县', '130800');
INSERT INTO `address` VALUES ('130826', '丰宁满族自治县', '130800');
INSERT INTO `address` VALUES ('130827', '宽城满族自治县', '130800');
INSERT INTO `address` VALUES ('130828', '围场满族蒙古族自治县', '130800');
INSERT INTO `address` VALUES ('130900', '沧州市', '130000');
INSERT INTO `address` VALUES ('130902', '新华区', '130900');
INSERT INTO `address` VALUES ('130903', '运河区', '130900');
INSERT INTO `address` VALUES ('130921', '沧县', '130900');
INSERT INTO `address` VALUES ('130922', '青县', '130900');
INSERT INTO `address` VALUES ('130923', '东光县', '130900');
INSERT INTO `address` VALUES ('130924', '海兴县', '130900');
INSERT INTO `address` VALUES ('130925', '盐山县', '130900');
INSERT INTO `address` VALUES ('130926', '肃宁县', '130900');
INSERT INTO `address` VALUES ('130927', '南皮县', '130900');
INSERT INTO `address` VALUES ('130928', '吴桥县', '130900');
INSERT INTO `address` VALUES ('130929', '献县', '130900');
INSERT INTO `address` VALUES ('130930', '孟村回族自治县', '130900');
INSERT INTO `address` VALUES ('130981', '泊头市', '130900');
INSERT INTO `address` VALUES ('130982', '任丘市', '130900');
INSERT INTO `address` VALUES ('130983', '黄骅市', '130900');
INSERT INTO `address` VALUES ('130984', '河间市', '130900');
INSERT INTO `address` VALUES ('131000', '廊坊市', '130000');
INSERT INTO `address` VALUES ('131002', '安次区', '131000');
INSERT INTO `address` VALUES ('131003', '广阳区', '131000');
INSERT INTO `address` VALUES ('131022', '固安县', '131000');
INSERT INTO `address` VALUES ('131023', '永清县', '131000');
INSERT INTO `address` VALUES ('131024', '香河县', '131000');
INSERT INTO `address` VALUES ('131025', '大城县', '131000');
INSERT INTO `address` VALUES ('131026', '文安县', '131000');
INSERT INTO `address` VALUES ('131028', '大厂回族自治县', '131000');
INSERT INTO `address` VALUES ('131081', '霸州市', '131000');
INSERT INTO `address` VALUES ('131082', '三河市', '131000');
INSERT INTO `address` VALUES ('131100', '衡水市', '130000');
INSERT INTO `address` VALUES ('131102', '桃城区', '131100');
INSERT INTO `address` VALUES ('131121', '枣强县', '131100');
INSERT INTO `address` VALUES ('131122', '武邑县', '131100');
INSERT INTO `address` VALUES ('131123', '武强县', '131100');
INSERT INTO `address` VALUES ('131124', '饶阳县', '131100');
INSERT INTO `address` VALUES ('131125', '安平县', '131100');
INSERT INTO `address` VALUES ('131126', '故城县', '131100');
INSERT INTO `address` VALUES ('131127', '景县', '131100');
INSERT INTO `address` VALUES ('131128', '阜城县', '131100');
INSERT INTO `address` VALUES ('131181', '冀州市', '131100');
INSERT INTO `address` VALUES ('131182', '深州市', '131100');
INSERT INTO `address` VALUES ('140000', '山西省', '140000');
INSERT INTO `address` VALUES ('140100', '太原市', '140000');
INSERT INTO `address` VALUES ('140105', '小店区', '140100');
INSERT INTO `address` VALUES ('140106', '迎泽区', '140100');
INSERT INTO `address` VALUES ('140107', '杏花岭区', '140100');
INSERT INTO `address` VALUES ('140108', '尖草坪区', '140100');
INSERT INTO `address` VALUES ('140109', '万柏林区', '140100');
INSERT INTO `address` VALUES ('140110', '晋源区', '140100');
INSERT INTO `address` VALUES ('140121', '清徐县', '140100');
INSERT INTO `address` VALUES ('140122', '阳曲县', '140100');
INSERT INTO `address` VALUES ('140123', '娄烦县', '140100');
INSERT INTO `address` VALUES ('140181', '古交市', '140100');
INSERT INTO `address` VALUES ('140200', '大同市', '140000');
INSERT INTO `address` VALUES ('140202', '城区', '140200');
INSERT INTO `address` VALUES ('140203', '矿区', '140200');
INSERT INTO `address` VALUES ('140211', '南郊区', '140200');
INSERT INTO `address` VALUES ('140212', '新荣区', '140200');
INSERT INTO `address` VALUES ('140221', '阳高县', '140200');
INSERT INTO `address` VALUES ('140222', '天镇县', '140200');
INSERT INTO `address` VALUES ('140223', '广灵县', '140200');
INSERT INTO `address` VALUES ('140224', '灵丘县', '140200');
INSERT INTO `address` VALUES ('140225', '浑源县', '140200');
INSERT INTO `address` VALUES ('140226', '左云县', '140200');
INSERT INTO `address` VALUES ('140227', '大同县', '140200');
INSERT INTO `address` VALUES ('140300', '阳泉市', '140000');
INSERT INTO `address` VALUES ('140302', '城区', '140300');
INSERT INTO `address` VALUES ('140303', '矿区', '140300');
INSERT INTO `address` VALUES ('140311', '郊区', '140300');
INSERT INTO `address` VALUES ('140321', '平定县', '140300');
INSERT INTO `address` VALUES ('140322', '盂县', '140300');
INSERT INTO `address` VALUES ('140400', '长治市', '140000');
INSERT INTO `address` VALUES ('140402', '城区', '140400');
INSERT INTO `address` VALUES ('140411', '郊区', '140400');
INSERT INTO `address` VALUES ('140421', '长治县', '140400');
INSERT INTO `address` VALUES ('140423', '襄垣县', '140400');
INSERT INTO `address` VALUES ('140424', '屯留县', '140400');
INSERT INTO `address` VALUES ('140425', '平顺县', '140400');
INSERT INTO `address` VALUES ('140426', '黎城县', '140400');
INSERT INTO `address` VALUES ('140427', '壶关县', '140400');
INSERT INTO `address` VALUES ('140428', '长子县', '140400');
INSERT INTO `address` VALUES ('140429', '武乡县', '140400');
INSERT INTO `address` VALUES ('140430', '沁县', '140400');
INSERT INTO `address` VALUES ('140431', '沁源县', '140400');
INSERT INTO `address` VALUES ('140481', '潞城市', '140400');
INSERT INTO `address` VALUES ('140500', '晋城市', '140000');
INSERT INTO `address` VALUES ('140502', '城区', '140500');
INSERT INTO `address` VALUES ('140521', '沁水县', '140500');
INSERT INTO `address` VALUES ('140522', '阳城县', '140500');
INSERT INTO `address` VALUES ('140524', '陵川县', '140500');
INSERT INTO `address` VALUES ('140525', '泽州县', '140500');
INSERT INTO `address` VALUES ('140581', '高平市', '140500');
INSERT INTO `address` VALUES ('140600', '朔州市', '140000');
INSERT INTO `address` VALUES ('140602', '朔城区', '140600');
INSERT INTO `address` VALUES ('140603', '平鲁区', '140600');
INSERT INTO `address` VALUES ('140621', '山阴县', '140600');
INSERT INTO `address` VALUES ('140622', '应县', '140600');
INSERT INTO `address` VALUES ('140623', '右玉县', '140600');
INSERT INTO `address` VALUES ('140624', '怀仁县', '140600');
INSERT INTO `address` VALUES ('140700', '晋中市', '140000');
INSERT INTO `address` VALUES ('140702', '榆次区', '140700');
INSERT INTO `address` VALUES ('140721', '榆社县', '140700');
INSERT INTO `address` VALUES ('140722', '左权县', '140700');
INSERT INTO `address` VALUES ('140723', '和顺县', '140700');
INSERT INTO `address` VALUES ('140724', '昔阳县', '140700');
INSERT INTO `address` VALUES ('140725', '寿阳县', '140700');
INSERT INTO `address` VALUES ('140726', '太谷县', '140700');
INSERT INTO `address` VALUES ('140727', '祁县', '140700');
INSERT INTO `address` VALUES ('140728', '平遥县', '140700');
INSERT INTO `address` VALUES ('140729', '灵石县', '140700');
INSERT INTO `address` VALUES ('140781', '介休市', '140700');
INSERT INTO `address` VALUES ('140800', '运城市', '140000');
INSERT INTO `address` VALUES ('140802', '盐湖区', '140800');
INSERT INTO `address` VALUES ('140821', '临猗县', '140800');
INSERT INTO `address` VALUES ('140822', '万荣县', '140800');
INSERT INTO `address` VALUES ('140823', '闻喜县', '140800');
INSERT INTO `address` VALUES ('140824', '稷山县', '140800');
INSERT INTO `address` VALUES ('140825', '新绛县', '140800');
INSERT INTO `address` VALUES ('140826', '绛县', '140800');
INSERT INTO `address` VALUES ('140827', '垣曲县', '140800');
INSERT INTO `address` VALUES ('140828', '夏县', '140800');
INSERT INTO `address` VALUES ('140829', '平陆县', '140800');
INSERT INTO `address` VALUES ('140830', '芮城县', '140800');
INSERT INTO `address` VALUES ('140881', '永济市', '140800');
INSERT INTO `address` VALUES ('140882', '河津市', '140800');
INSERT INTO `address` VALUES ('140900', '忻州市', '140000');
INSERT INTO `address` VALUES ('140902', '忻府区', '140900');
INSERT INTO `address` VALUES ('140921', '定襄县', '140900');
INSERT INTO `address` VALUES ('140922', '五台县', '140900');
INSERT INTO `address` VALUES ('140923', '代县', '140900');
INSERT INTO `address` VALUES ('140924', '繁峙县', '140900');
INSERT INTO `address` VALUES ('140925', '宁武县', '140900');
INSERT INTO `address` VALUES ('140926', '静乐县', '140900');
INSERT INTO `address` VALUES ('140927', '神池县', '140900');
INSERT INTO `address` VALUES ('140928', '五寨县', '140900');
INSERT INTO `address` VALUES ('140929', '岢岚县', '140900');
INSERT INTO `address` VALUES ('140930', '河曲县', '140900');
INSERT INTO `address` VALUES ('140931', '保德县', '140900');
INSERT INTO `address` VALUES ('140932', '偏关县', '140900');
INSERT INTO `address` VALUES ('140981', '原平市', '140900');
INSERT INTO `address` VALUES ('141000', '临汾市', '140000');
INSERT INTO `address` VALUES ('141002', '尧都区', '141000');
INSERT INTO `address` VALUES ('141021', '曲沃县', '141000');
INSERT INTO `address` VALUES ('141022', '翼城县', '141000');
INSERT INTO `address` VALUES ('141023', '襄汾县', '141000');
INSERT INTO `address` VALUES ('141024', '洪洞县', '141000');
INSERT INTO `address` VALUES ('141025', '古县', '141000');
INSERT INTO `address` VALUES ('141026', '安泽县', '141000');
INSERT INTO `address` VALUES ('141027', '浮山县', '141000');
INSERT INTO `address` VALUES ('141028', '吉县', '141000');
INSERT INTO `address` VALUES ('141029', '乡宁县', '141000');
INSERT INTO `address` VALUES ('141030', '大宁县', '141000');
INSERT INTO `address` VALUES ('141031', '隰县', '141000');
INSERT INTO `address` VALUES ('141032', '永和县', '141000');
INSERT INTO `address` VALUES ('141033', '蒲县', '141000');
INSERT INTO `address` VALUES ('141034', '汾西县', '141000');
INSERT INTO `address` VALUES ('141081', '侯马市', '141000');
INSERT INTO `address` VALUES ('141082', '霍州市', '141000');
INSERT INTO `address` VALUES ('141100', '吕梁市', '140000');
INSERT INTO `address` VALUES ('141102', '离石区', '141100');
INSERT INTO `address` VALUES ('141121', '文水县', '141100');
INSERT INTO `address` VALUES ('141122', '交城县', '141100');
INSERT INTO `address` VALUES ('141123', '兴县', '141100');
INSERT INTO `address` VALUES ('141124', '临县', '141100');
INSERT INTO `address` VALUES ('141125', '柳林县', '141100');
INSERT INTO `address` VALUES ('141126', '石楼县', '141100');
INSERT INTO `address` VALUES ('141127', '岚县', '141100');
INSERT INTO `address` VALUES ('141128', '方山县', '141100');
INSERT INTO `address` VALUES ('141129', '中阳县', '141100');
INSERT INTO `address` VALUES ('141130', '交口县', '141100');
INSERT INTO `address` VALUES ('141181', '孝义市', '141100');
INSERT INTO `address` VALUES ('141182', '汾阳市', '141100');
INSERT INTO `address` VALUES ('150000', '内蒙古自治区', '150000');
INSERT INTO `address` VALUES ('150100', '呼和浩特市', '150000');
INSERT INTO `address` VALUES ('150102', '新城区', '150100');
INSERT INTO `address` VALUES ('150103', '回民区', '150100');
INSERT INTO `address` VALUES ('150104', '玉泉区', '150100');
INSERT INTO `address` VALUES ('150105', '赛罕区', '150100');
INSERT INTO `address` VALUES ('150121', '土默特左旗', '150100');
INSERT INTO `address` VALUES ('150122', '托克托县', '150100');
INSERT INTO `address` VALUES ('150123', '和林格尔县', '150100');
INSERT INTO `address` VALUES ('150124', '清水河县', '150100');
INSERT INTO `address` VALUES ('150125', '武川县', '150100');
INSERT INTO `address` VALUES ('150200', '包头市', '150000');
INSERT INTO `address` VALUES ('150202', '东河区', '150200');
INSERT INTO `address` VALUES ('150203', '昆都仑区', '150200');
INSERT INTO `address` VALUES ('150204', '青山区', '150200');
INSERT INTO `address` VALUES ('150205', '石拐区', '150200');
INSERT INTO `address` VALUES ('150206', '白云鄂博矿区', '150200');
INSERT INTO `address` VALUES ('150207', '九原区', '150200');
INSERT INTO `address` VALUES ('150221', '土默特右旗', '150200');
INSERT INTO `address` VALUES ('150222', '固阳县', '150200');
INSERT INTO `address` VALUES ('150223', '达尔罕茂明安联合旗', '150200');
INSERT INTO `address` VALUES ('150300', '乌海市', '150000');
INSERT INTO `address` VALUES ('150302', '海勃湾区', '150300');
INSERT INTO `address` VALUES ('150303', '海南区', '150300');
INSERT INTO `address` VALUES ('150304', '乌达区', '150300');
INSERT INTO `address` VALUES ('150400', '赤峰市', '150000');
INSERT INTO `address` VALUES ('150402', '红山区', '150400');
INSERT INTO `address` VALUES ('150403', '元宝山区', '150400');
INSERT INTO `address` VALUES ('150404', '松山区', '150400');
INSERT INTO `address` VALUES ('150421', '阿鲁科尔沁旗', '150400');
INSERT INTO `address` VALUES ('150422', '巴林左旗', '150400');
INSERT INTO `address` VALUES ('150423', '巴林右旗', '150400');
INSERT INTO `address` VALUES ('150424', '林西县', '150400');
INSERT INTO `address` VALUES ('150425', '克什克腾旗', '150400');
INSERT INTO `address` VALUES ('150426', '翁牛特旗', '150400');
INSERT INTO `address` VALUES ('150428', '喀喇沁旗', '150400');
INSERT INTO `address` VALUES ('150429', '宁城县', '150400');
INSERT INTO `address` VALUES ('150430', '敖汉旗', '150400');
INSERT INTO `address` VALUES ('150500', '通辽市', '150000');
INSERT INTO `address` VALUES ('150502', '科尔沁区', '150500');
INSERT INTO `address` VALUES ('150521', '科尔沁左翼中旗', '150500');
INSERT INTO `address` VALUES ('150522', '科尔沁左翼后旗', '150500');
INSERT INTO `address` VALUES ('150523', '开鲁县', '150500');
INSERT INTO `address` VALUES ('150524', '库伦旗', '150500');
INSERT INTO `address` VALUES ('150525', '奈曼旗', '150500');
INSERT INTO `address` VALUES ('150526', '扎鲁特旗', '150500');
INSERT INTO `address` VALUES ('150581', '霍林郭勒市', '150500');
INSERT INTO `address` VALUES ('150600', '鄂尔多斯市', '150000');
INSERT INTO `address` VALUES ('150602', '东胜区', '150600');
INSERT INTO `address` VALUES ('150621', '达拉特旗', '150600');
INSERT INTO `address` VALUES ('150622', '准格尔旗', '150600');
INSERT INTO `address` VALUES ('150623', '鄂托克前旗', '150600');
INSERT INTO `address` VALUES ('150624', '鄂托克旗', '150600');
INSERT INTO `address` VALUES ('150625', '杭锦旗', '150600');
INSERT INTO `address` VALUES ('150626', '乌审旗', '150600');
INSERT INTO `address` VALUES ('150627', '伊金霍洛旗', '150600');
INSERT INTO `address` VALUES ('150700', '呼伦贝尔市', '150000');
INSERT INTO `address` VALUES ('150702', '海拉尔区', '150700');
INSERT INTO `address` VALUES ('150703', '扎赉诺尔区', '150700');
INSERT INTO `address` VALUES ('150721', '阿荣旗', '150700');
INSERT INTO `address` VALUES ('150722', '莫力达瓦达斡尔族自治旗', '150700');
INSERT INTO `address` VALUES ('150723', '鄂伦春自治旗', '150700');
INSERT INTO `address` VALUES ('150724', '鄂温克族自治旗', '150700');
INSERT INTO `address` VALUES ('150725', '陈巴尔虎旗', '150700');
INSERT INTO `address` VALUES ('150726', '新巴尔虎左旗', '150700');
INSERT INTO `address` VALUES ('150727', '新巴尔虎右旗', '150700');
INSERT INTO `address` VALUES ('150781', '满洲里市', '150700');
INSERT INTO `address` VALUES ('150782', '牙克石市', '150700');
INSERT INTO `address` VALUES ('150783', '扎兰屯市', '150700');
INSERT INTO `address` VALUES ('150784', '额尔古纳市', '150700');
INSERT INTO `address` VALUES ('150785', '根河市', '150700');
INSERT INTO `address` VALUES ('150800', '巴彦淖尔市', '150000');
INSERT INTO `address` VALUES ('150802', '临河区', '150800');
INSERT INTO `address` VALUES ('150821', '五原县', '150800');
INSERT INTO `address` VALUES ('150822', '磴口县', '150800');
INSERT INTO `address` VALUES ('150823', '乌拉特前旗', '150800');
INSERT INTO `address` VALUES ('150824', '乌拉特中旗', '150800');
INSERT INTO `address` VALUES ('150825', '乌拉特后旗', '150800');
INSERT INTO `address` VALUES ('150826', '杭锦后旗', '150800');
INSERT INTO `address` VALUES ('150900', '乌兰察布市', '150000');
INSERT INTO `address` VALUES ('150902', '集宁区', '150900');
INSERT INTO `address` VALUES ('150921', '卓资县', '150900');
INSERT INTO `address` VALUES ('150922', '化德县', '150900');
INSERT INTO `address` VALUES ('150923', '商都县', '150900');
INSERT INTO `address` VALUES ('150924', '兴和县', '150900');
INSERT INTO `address` VALUES ('150925', '凉城县', '150900');
INSERT INTO `address` VALUES ('150926', '察哈尔右翼前旗', '150900');
INSERT INTO `address` VALUES ('150927', '察哈尔右翼中旗', '150900');
INSERT INTO `address` VALUES ('150928', '察哈尔右翼后旗', '150900');
INSERT INTO `address` VALUES ('150929', '四子王旗', '150900');
INSERT INTO `address` VALUES ('150981', '丰镇市', '150900');
INSERT INTO `address` VALUES ('152200', '兴安盟', '150000');
INSERT INTO `address` VALUES ('152201', '乌兰浩特市', '152200');
INSERT INTO `address` VALUES ('152202', '阿尔山市', '152200');
INSERT INTO `address` VALUES ('152221', '科尔沁右翼前旗', '152200');
INSERT INTO `address` VALUES ('152222', '科尔沁右翼中旗', '152200');
INSERT INTO `address` VALUES ('152223', '扎赉特旗', '152200');
INSERT INTO `address` VALUES ('152224', '突泉县', '152200');
INSERT INTO `address` VALUES ('152500', '锡林郭勒盟', '150000');
INSERT INTO `address` VALUES ('152501', '二连浩特市', '152500');
INSERT INTO `address` VALUES ('152502', '锡林浩特市', '152500');
INSERT INTO `address` VALUES ('152522', '阿巴嘎旗', '152500');
INSERT INTO `address` VALUES ('152523', '苏尼特左旗', '152500');
INSERT INTO `address` VALUES ('152524', '苏尼特右旗', '152500');
INSERT INTO `address` VALUES ('152525', '东乌珠穆沁旗', '152500');
INSERT INTO `address` VALUES ('152526', '西乌珠穆沁旗', '152500');
INSERT INTO `address` VALUES ('152527', '太仆寺旗', '152500');
INSERT INTO `address` VALUES ('152528', '镶黄旗', '152500');
INSERT INTO `address` VALUES ('152529', '正镶白旗', '152500');
INSERT INTO `address` VALUES ('152530', '正蓝旗', '152500');
INSERT INTO `address` VALUES ('152531', '多伦县', '152500');
INSERT INTO `address` VALUES ('152900', '阿拉善盟', '150000');
INSERT INTO `address` VALUES ('152921', '阿拉善左旗', '152900');
INSERT INTO `address` VALUES ('152922', '阿拉善右旗', '152900');
INSERT INTO `address` VALUES ('152923', '额济纳旗', '152900');
INSERT INTO `address` VALUES ('210000', '辽宁省', '210000');
INSERT INTO `address` VALUES ('210100', '沈阳市', '210000');
INSERT INTO `address` VALUES ('210102', '和平区', '210100');
INSERT INTO `address` VALUES ('210103', '沈河区', '210100');
INSERT INTO `address` VALUES ('210104', '大东区', '210100');
INSERT INTO `address` VALUES ('210105', '皇姑区', '210100');
INSERT INTO `address` VALUES ('210106', '铁西区', '210100');
INSERT INTO `address` VALUES ('210111', '苏家屯区', '210100');
INSERT INTO `address` VALUES ('210112', '浑南区', '210100');
INSERT INTO `address` VALUES ('210113', '沈北新区', '210100');
INSERT INTO `address` VALUES ('210114', '于洪区', '210100');
INSERT INTO `address` VALUES ('210122', '辽中县', '210100');
INSERT INTO `address` VALUES ('210123', '康平县', '210100');
INSERT INTO `address` VALUES ('210124', '法库县', '210100');
INSERT INTO `address` VALUES ('210181', '新民市', '210100');
INSERT INTO `address` VALUES ('210200', '大连市', '210000');
INSERT INTO `address` VALUES ('210202', '中山区', '210200');
INSERT INTO `address` VALUES ('210203', '西岗区', '210200');
INSERT INTO `address` VALUES ('210204', '沙河口区', '210200');
INSERT INTO `address` VALUES ('210211', '甘井子区', '210200');
INSERT INTO `address` VALUES ('210212', '旅顺口区', '210200');
INSERT INTO `address` VALUES ('210213', '金州区', '210200');
INSERT INTO `address` VALUES ('210224', '长海县', '210200');
INSERT INTO `address` VALUES ('210281', '瓦房店市', '210200');
INSERT INTO `address` VALUES ('210282', '普兰店市', '210200');
INSERT INTO `address` VALUES ('210283', '庄河市', '210200');
INSERT INTO `address` VALUES ('210300', '鞍山市', '210000');
INSERT INTO `address` VALUES ('210302', '铁东区', '210300');
INSERT INTO `address` VALUES ('210303', '铁西区', '210300');
INSERT INTO `address` VALUES ('210304', '立山区', '210300');
INSERT INTO `address` VALUES ('210311', '千山区', '210300');
INSERT INTO `address` VALUES ('210321', '台安县', '210300');
INSERT INTO `address` VALUES ('210323', '岫岩满族自治县', '210300');
INSERT INTO `address` VALUES ('210381', '海城市', '210300');
INSERT INTO `address` VALUES ('210400', '抚顺市', '210000');
INSERT INTO `address` VALUES ('210402', '新抚区', '210400');
INSERT INTO `address` VALUES ('210403', '东洲区', '210400');
INSERT INTO `address` VALUES ('210404', '望花区', '210400');
INSERT INTO `address` VALUES ('210411', '顺城区', '210400');
INSERT INTO `address` VALUES ('210421', '抚顺县', '210400');
INSERT INTO `address` VALUES ('210422', '新宾满族自治县', '210400');
INSERT INTO `address` VALUES ('210423', '清原满族自治县', '210400');
INSERT INTO `address` VALUES ('210500', '本溪市', '210000');
INSERT INTO `address` VALUES ('210502', '平山区', '210500');
INSERT INTO `address` VALUES ('210503', '溪湖区', '210500');
INSERT INTO `address` VALUES ('210504', '明山区', '210500');
INSERT INTO `address` VALUES ('210505', '南芬区', '210500');
INSERT INTO `address` VALUES ('210521', '本溪满族自治县', '210500');
INSERT INTO `address` VALUES ('210522', '桓仁满族自治县', '210500');
INSERT INTO `address` VALUES ('210600', '丹东市', '210000');
INSERT INTO `address` VALUES ('210602', '元宝区', '210600');
INSERT INTO `address` VALUES ('210603', '振兴区', '210600');
INSERT INTO `address` VALUES ('210604', '振安区', '210600');
INSERT INTO `address` VALUES ('210624', '宽甸满族自治县', '210600');
INSERT INTO `address` VALUES ('210681', '东港市', '210600');
INSERT INTO `address` VALUES ('210682', '凤城市', '210600');
INSERT INTO `address` VALUES ('210700', '锦州市', '210000');
INSERT INTO `address` VALUES ('210702', '古塔区', '210700');
INSERT INTO `address` VALUES ('210703', '凌河区', '210700');
INSERT INTO `address` VALUES ('210711', '太和区', '210700');
INSERT INTO `address` VALUES ('210726', '黑山县', '210700');
INSERT INTO `address` VALUES ('210727', '义县', '210700');
INSERT INTO `address` VALUES ('210781', '凌海市', '210700');
INSERT INTO `address` VALUES ('210782', '北镇市', '210700');
INSERT INTO `address` VALUES ('210800', '营口市', '210000');
INSERT INTO `address` VALUES ('210802', '站前区', '210800');
INSERT INTO `address` VALUES ('210803', '西市区', '210800');
INSERT INTO `address` VALUES ('210804', '鲅鱼圈区', '210800');
INSERT INTO `address` VALUES ('210811', '老边区', '210800');
INSERT INTO `address` VALUES ('210881', '盖州市', '210800');
INSERT INTO `address` VALUES ('210882', '大石桥市', '210800');
INSERT INTO `address` VALUES ('210900', '阜新市', '210000');
INSERT INTO `address` VALUES ('210902', '海州区', '210900');
INSERT INTO `address` VALUES ('210903', '新邱区', '210900');
INSERT INTO `address` VALUES ('210904', '太平区', '210900');
INSERT INTO `address` VALUES ('210905', '清河门区', '210900');
INSERT INTO `address` VALUES ('210911', '细河区', '210900');
INSERT INTO `address` VALUES ('210921', '阜新蒙古族自治县', '210900');
INSERT INTO `address` VALUES ('210922', '彰武县', '210900');
INSERT INTO `address` VALUES ('211000', '辽阳市', '210000');
INSERT INTO `address` VALUES ('211002', '白塔区', '211000');
INSERT INTO `address` VALUES ('211003', '文圣区', '211000');
INSERT INTO `address` VALUES ('211004', '宏伟区', '211000');
INSERT INTO `address` VALUES ('211005', '弓长岭区', '211000');
INSERT INTO `address` VALUES ('211011', '太子河区', '211000');
INSERT INTO `address` VALUES ('211021', '辽阳县', '211000');
INSERT INTO `address` VALUES ('211081', '灯塔市', '211000');
INSERT INTO `address` VALUES ('211100', '盘锦市', '210000');
INSERT INTO `address` VALUES ('211102', '双台子区', '211100');
INSERT INTO `address` VALUES ('211103', '兴隆台区', '211100');
INSERT INTO `address` VALUES ('211121', '大洼县', '211100');
INSERT INTO `address` VALUES ('211122', '盘山县', '211100');
INSERT INTO `address` VALUES ('211200', '铁岭市', '210000');
INSERT INTO `address` VALUES ('211202', '银州区', '211200');
INSERT INTO `address` VALUES ('211204', '清河区', '211200');
INSERT INTO `address` VALUES ('211221', '铁岭县', '211200');
INSERT INTO `address` VALUES ('211223', '西丰县', '211200');
INSERT INTO `address` VALUES ('211224', '昌图县', '211200');
INSERT INTO `address` VALUES ('211281', '调兵山市', '211200');
INSERT INTO `address` VALUES ('211282', '开原市', '211200');
INSERT INTO `address` VALUES ('211300', '朝阳市', '210000');
INSERT INTO `address` VALUES ('211302', '双塔区', '211300');
INSERT INTO `address` VALUES ('211303', '龙城区', '211300');
INSERT INTO `address` VALUES ('211321', '朝阳县', '211300');
INSERT INTO `address` VALUES ('211322', '建平县', '211300');
INSERT INTO `address` VALUES ('211324', '喀喇沁左翼蒙古族自治县', '211300');
INSERT INTO `address` VALUES ('211381', '北票市', '211300');
INSERT INTO `address` VALUES ('211382', '凌源市', '211300');
INSERT INTO `address` VALUES ('211400', '葫芦岛市', '210000');
INSERT INTO `address` VALUES ('211402', '连山区', '211400');
INSERT INTO `address` VALUES ('211403', '龙港区', '211400');
INSERT INTO `address` VALUES ('211404', '南票区', '211400');
INSERT INTO `address` VALUES ('211421', '绥中县', '211400');
INSERT INTO `address` VALUES ('211422', '建昌县', '211400');
INSERT INTO `address` VALUES ('211481', '兴城市', '211400');
INSERT INTO `address` VALUES ('211500', '金普新区', '210000');
INSERT INTO `address` VALUES ('211501', '金州新区', '211500');
INSERT INTO `address` VALUES ('211502', '普湾新区', '211500');
INSERT INTO `address` VALUES ('211503', '保税区', '211500');
INSERT INTO `address` VALUES ('220000', '吉林省', '220000');
INSERT INTO `address` VALUES ('220100', '长春市', '220000');
INSERT INTO `address` VALUES ('220102', '南关区', '220100');
INSERT INTO `address` VALUES ('220103', '宽城区', '220100');
INSERT INTO `address` VALUES ('220104', '朝阳区', '220100');
INSERT INTO `address` VALUES ('220105', '二道区', '220100');
INSERT INTO `address` VALUES ('220106', '绿园区', '220100');
INSERT INTO `address` VALUES ('220112', '双阳区', '220100');
INSERT INTO `address` VALUES ('220113', '九台区', '220100');
INSERT INTO `address` VALUES ('220122', '农安县', '220100');
INSERT INTO `address` VALUES ('220182', '榆树市', '220100');
INSERT INTO `address` VALUES ('220183', '德惠市', '220100');
INSERT INTO `address` VALUES ('220200', '吉林市', '220000');
INSERT INTO `address` VALUES ('220202', '昌邑区', '220200');
INSERT INTO `address` VALUES ('220203', '龙潭区', '220200');
INSERT INTO `address` VALUES ('220204', '船营区', '220200');
INSERT INTO `address` VALUES ('220211', '丰满区', '220200');
INSERT INTO `address` VALUES ('220221', '永吉县', '220200');
INSERT INTO `address` VALUES ('220281', '蛟河市', '220200');
INSERT INTO `address` VALUES ('220282', '桦甸市', '220200');
INSERT INTO `address` VALUES ('220283', '舒兰市', '220200');
INSERT INTO `address` VALUES ('220284', '磐石市', '220200');
INSERT INTO `address` VALUES ('220300', '四平市', '220000');
INSERT INTO `address` VALUES ('220302', '铁西区', '220300');
INSERT INTO `address` VALUES ('220303', '铁东区', '220300');
INSERT INTO `address` VALUES ('220322', '梨树县', '220300');
INSERT INTO `address` VALUES ('220323', '伊通满族自治县', '220300');
INSERT INTO `address` VALUES ('220381', '公主岭市', '220300');
INSERT INTO `address` VALUES ('220382', '双辽市', '220300');
INSERT INTO `address` VALUES ('220400', '辽源市', '220000');
INSERT INTO `address` VALUES ('220402', '龙山区', '220400');
INSERT INTO `address` VALUES ('220403', '西安区', '220400');
INSERT INTO `address` VALUES ('220421', '东丰县', '220400');
INSERT INTO `address` VALUES ('220422', '东辽县', '220400');
INSERT INTO `address` VALUES ('220500', '通化市', '220000');
INSERT INTO `address` VALUES ('220502', '东昌区', '220500');
INSERT INTO `address` VALUES ('220503', '二道江区', '220500');
INSERT INTO `address` VALUES ('220521', '通化县', '220500');
INSERT INTO `address` VALUES ('220523', '辉南县', '220500');
INSERT INTO `address` VALUES ('220524', '柳河县', '220500');
INSERT INTO `address` VALUES ('220581', '梅河口市', '220500');
INSERT INTO `address` VALUES ('220582', '集安市', '220500');
INSERT INTO `address` VALUES ('220600', '白山市', '220000');
INSERT INTO `address` VALUES ('220602', '浑江区', '220600');
INSERT INTO `address` VALUES ('220605', '江源区', '220600');
INSERT INTO `address` VALUES ('220621', '抚松县', '220600');
INSERT INTO `address` VALUES ('220622', '靖宇县', '220600');
INSERT INTO `address` VALUES ('220623', '长白朝鲜族自治县', '220600');
INSERT INTO `address` VALUES ('220681', '临江市', '220600');
INSERT INTO `address` VALUES ('220700', '松原市', '220000');
INSERT INTO `address` VALUES ('220702', '宁江区', '220700');
INSERT INTO `address` VALUES ('220721', '前郭尔罗斯蒙古族自治县', '220700');
INSERT INTO `address` VALUES ('220722', '长岭县', '220700');
INSERT INTO `address` VALUES ('220723', '乾安县', '220700');
INSERT INTO `address` VALUES ('220781', '扶余市', '220700');
INSERT INTO `address` VALUES ('220800', '白城市', '220000');
INSERT INTO `address` VALUES ('220802', '洮北区', '220800');
INSERT INTO `address` VALUES ('220821', '镇赉县', '220800');
INSERT INTO `address` VALUES ('220822', '通榆县', '220800');
INSERT INTO `address` VALUES ('220881', '洮南市', '220800');
INSERT INTO `address` VALUES ('220882', '大安市', '220800');
INSERT INTO `address` VALUES ('222400', '延边朝鲜族自治州', '220000');
INSERT INTO `address` VALUES ('222401', '延吉市', '222400');
INSERT INTO `address` VALUES ('222402', '图们市', '222400');
INSERT INTO `address` VALUES ('222403', '敦化市', '222400');
INSERT INTO `address` VALUES ('222404', '珲春市', '222400');
INSERT INTO `address` VALUES ('222405', '龙井市', '222400');
INSERT INTO `address` VALUES ('222406', '和龙市', '222400');
INSERT INTO `address` VALUES ('222424', '汪清县', '222400');
INSERT INTO `address` VALUES ('222426', '安图县', '222400');
INSERT INTO `address` VALUES ('230000', '黑龙江省', '230000');
INSERT INTO `address` VALUES ('230100', '哈尔滨市', '230000');
INSERT INTO `address` VALUES ('230102', '道里区', '230100');
INSERT INTO `address` VALUES ('230103', '南岗区', '230100');
INSERT INTO `address` VALUES ('230104', '道外区', '230100');
INSERT INTO `address` VALUES ('230108', '平房区', '230100');
INSERT INTO `address` VALUES ('230109', '松北区', '230100');
INSERT INTO `address` VALUES ('230110', '香坊区', '230100');
INSERT INTO `address` VALUES ('230111', '呼兰区', '230100');
INSERT INTO `address` VALUES ('230112', '阿城区', '230100');
INSERT INTO `address` VALUES ('230113', '双城区', '230100');
INSERT INTO `address` VALUES ('230123', '依兰县', '230100');
INSERT INTO `address` VALUES ('230124', '方正县', '230100');
INSERT INTO `address` VALUES ('230125', '宾县', '230100');
INSERT INTO `address` VALUES ('230126', '巴彦县', '230100');
INSERT INTO `address` VALUES ('230127', '木兰县', '230100');
INSERT INTO `address` VALUES ('230128', '通河县', '230100');
INSERT INTO `address` VALUES ('230129', '延寿县', '230100');
INSERT INTO `address` VALUES ('230183', '尚志市', '230100');
INSERT INTO `address` VALUES ('230184', '五常市', '230100');
INSERT INTO `address` VALUES ('230200', '齐齐哈尔市', '230000');
INSERT INTO `address` VALUES ('230202', '龙沙区', '230200');
INSERT INTO `address` VALUES ('230203', '建华区', '230200');
INSERT INTO `address` VALUES ('230204', '铁锋区', '230200');
INSERT INTO `address` VALUES ('230205', '昂昂溪区', '230200');
INSERT INTO `address` VALUES ('230206', '富拉尔基区', '230200');
INSERT INTO `address` VALUES ('230207', '碾子山区', '230200');
INSERT INTO `address` VALUES ('230208', '梅里斯达斡尔族区', '230200');
INSERT INTO `address` VALUES ('230221', '龙江县', '230200');
INSERT INTO `address` VALUES ('230223', '依安县', '230200');
INSERT INTO `address` VALUES ('230224', '泰来县', '230200');
INSERT INTO `address` VALUES ('230225', '甘南县', '230200');
INSERT INTO `address` VALUES ('230227', '富裕县', '230200');
INSERT INTO `address` VALUES ('230229', '克山县', '230200');
INSERT INTO `address` VALUES ('230230', '克东县', '230200');
INSERT INTO `address` VALUES ('230231', '拜泉县', '230200');
INSERT INTO `address` VALUES ('230281', '讷河市', '230200');
INSERT INTO `address` VALUES ('230300', '鸡西市', '230000');
INSERT INTO `address` VALUES ('230302', '鸡冠区', '230300');
INSERT INTO `address` VALUES ('230303', '恒山区', '230300');
INSERT INTO `address` VALUES ('230304', '滴道区', '230300');
INSERT INTO `address` VALUES ('230305', '梨树区', '230300');
INSERT INTO `address` VALUES ('230306', '城子河区', '230300');
INSERT INTO `address` VALUES ('230307', '麻山区', '230300');
INSERT INTO `address` VALUES ('230321', '鸡东县', '230300');
INSERT INTO `address` VALUES ('230381', '虎林市', '230300');
INSERT INTO `address` VALUES ('230382', '密山市', '230300');
INSERT INTO `address` VALUES ('230400', '鹤岗市', '230000');
INSERT INTO `address` VALUES ('230402', '向阳区', '230400');
INSERT INTO `address` VALUES ('230403', '工农区', '230400');
INSERT INTO `address` VALUES ('230404', '南山区', '230400');
INSERT INTO `address` VALUES ('230405', '兴安区', '230400');
INSERT INTO `address` VALUES ('230406', '东山区', '230400');
INSERT INTO `address` VALUES ('230407', '兴山区', '230400');
INSERT INTO `address` VALUES ('230421', '萝北县', '230400');
INSERT INTO `address` VALUES ('230422', '绥滨县', '230400');
INSERT INTO `address` VALUES ('230500', '双鸭山市', '230000');
INSERT INTO `address` VALUES ('230502', '尖山区', '230500');
INSERT INTO `address` VALUES ('230503', '岭东区', '230500');
INSERT INTO `address` VALUES ('230505', '四方台区', '230500');
INSERT INTO `address` VALUES ('230506', '宝山区', '230500');
INSERT INTO `address` VALUES ('230521', '集贤县', '230500');
INSERT INTO `address` VALUES ('230522', '友谊县', '230500');
INSERT INTO `address` VALUES ('230523', '宝清县', '230500');
INSERT INTO `address` VALUES ('230524', '饶河县', '230500');
INSERT INTO `address` VALUES ('230600', '大庆市', '230000');
INSERT INTO `address` VALUES ('230602', '萨尔图区', '230600');
INSERT INTO `address` VALUES ('230603', '龙凤区', '230600');
INSERT INTO `address` VALUES ('230604', '让胡路区', '230600');
INSERT INTO `address` VALUES ('230605', '红岗区', '230600');
INSERT INTO `address` VALUES ('230606', '大同区', '230600');
INSERT INTO `address` VALUES ('230621', '肇州县', '230600');
INSERT INTO `address` VALUES ('230622', '肇源县', '230600');
INSERT INTO `address` VALUES ('230623', '林甸县', '230600');
INSERT INTO `address` VALUES ('230624', '杜尔伯特蒙古族自治县', '230600');
INSERT INTO `address` VALUES ('230700', '伊春市', '230000');
INSERT INTO `address` VALUES ('230702', '伊春区', '230700');
INSERT INTO `address` VALUES ('230703', '南岔区', '230700');
INSERT INTO `address` VALUES ('230704', '友好区', '230700');
INSERT INTO `address` VALUES ('230705', '西林区', '230700');
INSERT INTO `address` VALUES ('230706', '翠峦区', '230700');
INSERT INTO `address` VALUES ('230707', '新青区', '230700');
INSERT INTO `address` VALUES ('230708', '美溪区', '230700');
INSERT INTO `address` VALUES ('230709', '金山屯区', '230700');
INSERT INTO `address` VALUES ('230710', '五营区', '230700');
INSERT INTO `address` VALUES ('230711', '乌马河区', '230700');
INSERT INTO `address` VALUES ('230712', '汤旺河区', '230700');
INSERT INTO `address` VALUES ('230713', '带岭区', '230700');
INSERT INTO `address` VALUES ('230714', '乌伊岭区', '230700');
INSERT INTO `address` VALUES ('230715', '红星区', '230700');
INSERT INTO `address` VALUES ('230716', '上甘岭区', '230700');
INSERT INTO `address` VALUES ('230722', '嘉荫县', '230700');
INSERT INTO `address` VALUES ('230781', '铁力市', '230700');
INSERT INTO `address` VALUES ('230800', '佳木斯市', '230000');
INSERT INTO `address` VALUES ('230803', '向阳区', '230800');
INSERT INTO `address` VALUES ('230804', '前进区', '230800');
INSERT INTO `address` VALUES ('230805', '东风区', '230800');
INSERT INTO `address` VALUES ('230811', '郊区', '230800');
INSERT INTO `address` VALUES ('230822', '桦南县', '230800');
INSERT INTO `address` VALUES ('230826', '桦川县', '230800');
INSERT INTO `address` VALUES ('230828', '汤原县', '230800');
INSERT INTO `address` VALUES ('230833', '抚远县', '230800');
INSERT INTO `address` VALUES ('230881', '同江市', '230800');
INSERT INTO `address` VALUES ('230882', '富锦市', '230800');
INSERT INTO `address` VALUES ('230900', '七台河市', '230000');
INSERT INTO `address` VALUES ('230902', '新兴区', '230900');
INSERT INTO `address` VALUES ('230903', '桃山区', '230900');
INSERT INTO `address` VALUES ('230904', '茄子河区', '230900');
INSERT INTO `address` VALUES ('230921', '勃利县', '230900');
INSERT INTO `address` VALUES ('231000', '牡丹江市', '230000');
INSERT INTO `address` VALUES ('231002', '东安区', '231000');
INSERT INTO `address` VALUES ('231003', '阳明区', '231000');
INSERT INTO `address` VALUES ('231004', '爱民区', '231000');
INSERT INTO `address` VALUES ('231005', '西安区', '231000');
INSERT INTO `address` VALUES ('231024', '东宁县', '231000');
INSERT INTO `address` VALUES ('231025', '林口县', '231000');
INSERT INTO `address` VALUES ('231081', '绥芬河市', '231000');
INSERT INTO `address` VALUES ('231083', '海林市', '231000');
INSERT INTO `address` VALUES ('231084', '宁安市', '231000');
INSERT INTO `address` VALUES ('231085', '穆棱市', '231000');
INSERT INTO `address` VALUES ('231100', '黑河市', '230000');
INSERT INTO `address` VALUES ('231102', '爱辉区', '231100');
INSERT INTO `address` VALUES ('231121', '嫩江县', '231100');
INSERT INTO `address` VALUES ('231123', '逊克县', '231100');
INSERT INTO `address` VALUES ('231124', '孙吴县', '231100');
INSERT INTO `address` VALUES ('231181', '北安市', '231100');
INSERT INTO `address` VALUES ('231182', '五大连池市', '231100');
INSERT INTO `address` VALUES ('231200', '绥化市', '230000');
INSERT INTO `address` VALUES ('231202', '北林区', '231200');
INSERT INTO `address` VALUES ('231221', '望奎县', '231200');
INSERT INTO `address` VALUES ('231222', '兰西县', '231200');
INSERT INTO `address` VALUES ('231223', '青冈县', '231200');
INSERT INTO `address` VALUES ('231224', '庆安县', '231200');
INSERT INTO `address` VALUES ('231225', '明水县', '231200');
INSERT INTO `address` VALUES ('231226', '绥棱县', '231200');
INSERT INTO `address` VALUES ('231281', '安达市', '231200');
INSERT INTO `address` VALUES ('231282', '肇东市', '231200');
INSERT INTO `address` VALUES ('231283', '海伦市', '231200');
INSERT INTO `address` VALUES ('232700', '大兴安岭地区', '230000');
INSERT INTO `address` VALUES ('232701', '加格达奇区', '232700');
INSERT INTO `address` VALUES ('232702', '新林区', '232700');
INSERT INTO `address` VALUES ('232703', '松岭区', '232700');
INSERT INTO `address` VALUES ('232704', '呼中区', '232700');
INSERT INTO `address` VALUES ('232721', '呼玛县', '232700');
INSERT INTO `address` VALUES ('232722', '塔河县', '232700');
INSERT INTO `address` VALUES ('232723', '漠河县', '232700');
INSERT INTO `address` VALUES ('310000', '上海', '310000');
INSERT INTO `address` VALUES ('310100', '上海市', '310000');
INSERT INTO `address` VALUES ('310101', '黄浦区', '310100');
INSERT INTO `address` VALUES ('310104', '徐汇区', '310100');
INSERT INTO `address` VALUES ('310105', '长宁区', '310100');
INSERT INTO `address` VALUES ('310106', '静安区', '310100');
INSERT INTO `address` VALUES ('310107', '普陀区', '310100');
INSERT INTO `address` VALUES ('310108', '闸北区', '310100');
INSERT INTO `address` VALUES ('310109', '虹口区', '310100');
INSERT INTO `address` VALUES ('310110', '杨浦区', '310100');
INSERT INTO `address` VALUES ('310112', '闵行区', '310100');
INSERT INTO `address` VALUES ('310113', '宝山区', '310100');
INSERT INTO `address` VALUES ('310114', '嘉定区', '310100');
INSERT INTO `address` VALUES ('310115', '浦东新区', '310100');
INSERT INTO `address` VALUES ('310116', '金山区', '310100');
INSERT INTO `address` VALUES ('310117', '松江区', '310100');
INSERT INTO `address` VALUES ('310118', '青浦区', '310100');
INSERT INTO `address` VALUES ('310120', '奉贤区', '310100');
INSERT INTO `address` VALUES ('310230', '崇明县', '310100');
INSERT INTO `address` VALUES ('320000', '江苏省', '320000');
INSERT INTO `address` VALUES ('320100', '南京市', '320000');
INSERT INTO `address` VALUES ('320102', '玄武区', '320100');
INSERT INTO `address` VALUES ('320104', '秦淮区', '320100');
INSERT INTO `address` VALUES ('320105', '建邺区', '320100');
INSERT INTO `address` VALUES ('320106', '鼓楼区', '320100');
INSERT INTO `address` VALUES ('320111', '浦口区', '320100');
INSERT INTO `address` VALUES ('320113', '栖霞区', '320100');
INSERT INTO `address` VALUES ('320114', '雨花台区', '320100');
INSERT INTO `address` VALUES ('320115', '江宁区', '320100');
INSERT INTO `address` VALUES ('320116', '六合区', '320100');
INSERT INTO `address` VALUES ('320117', '溧水区', '320100');
INSERT INTO `address` VALUES ('320118', '高淳区', '320100');
INSERT INTO `address` VALUES ('320200', '无锡市', '320000');
INSERT INTO `address` VALUES ('320202', '崇安区', '320200');
INSERT INTO `address` VALUES ('320203', '南长区', '320200');
INSERT INTO `address` VALUES ('320204', '北塘区', '320200');
INSERT INTO `address` VALUES ('320205', '锡山区', '320200');
INSERT INTO `address` VALUES ('320206', '惠山区', '320200');
INSERT INTO `address` VALUES ('320211', '滨湖区', '320200');
INSERT INTO `address` VALUES ('320281', '江阴市', '320200');
INSERT INTO `address` VALUES ('320282', '宜兴市', '320200');
INSERT INTO `address` VALUES ('320300', '徐州市', '320000');
INSERT INTO `address` VALUES ('320302', '鼓楼区', '320300');
INSERT INTO `address` VALUES ('320303', '云龙区', '320300');
INSERT INTO `address` VALUES ('320305', '贾汪区', '320300');
INSERT INTO `address` VALUES ('320311', '泉山区', '320300');
INSERT INTO `address` VALUES ('320312', '铜山区', '320300');
INSERT INTO `address` VALUES ('320321', '丰县', '320300');
INSERT INTO `address` VALUES ('320322', '沛县', '320300');
INSERT INTO `address` VALUES ('320324', '睢宁县', '320300');
INSERT INTO `address` VALUES ('320381', '新沂市', '320300');
INSERT INTO `address` VALUES ('320382', '邳州市', '320300');
INSERT INTO `address` VALUES ('320400', '常州市', '320000');
INSERT INTO `address` VALUES ('320402', '天宁区', '320400');
INSERT INTO `address` VALUES ('320404', '钟楼区', '320400');
INSERT INTO `address` VALUES ('320405', '戚墅堰区', '320400');
INSERT INTO `address` VALUES ('320411', '新北区', '320400');
INSERT INTO `address` VALUES ('320412', '武进区', '320400');
INSERT INTO `address` VALUES ('320481', '溧阳市', '320400');
INSERT INTO `address` VALUES ('320482', '金坛市', '320400');
INSERT INTO `address` VALUES ('320500', '苏州市', '320000');
INSERT INTO `address` VALUES ('320505', '虎丘区', '320500');
INSERT INTO `address` VALUES ('320506', '吴中区', '320500');
INSERT INTO `address` VALUES ('320507', '相城区', '320500');
INSERT INTO `address` VALUES ('320508', '姑苏区', '320500');
INSERT INTO `address` VALUES ('320509', '吴江区', '320500');
INSERT INTO `address` VALUES ('320581', '常熟市', '320500');
INSERT INTO `address` VALUES ('320582', '张家港市', '320500');
INSERT INTO `address` VALUES ('320583', '昆山市', '320500');
INSERT INTO `address` VALUES ('320585', '太仓市', '320500');
INSERT INTO `address` VALUES ('320600', '南通市', '320000');
INSERT INTO `address` VALUES ('320602', '崇川区', '320600');
INSERT INTO `address` VALUES ('320611', '港闸区', '320600');
INSERT INTO `address` VALUES ('320612', '通州区', '320600');
INSERT INTO `address` VALUES ('320621', '海安县', '320600');
INSERT INTO `address` VALUES ('320623', '如东县', '320600');
INSERT INTO `address` VALUES ('320681', '启东市', '320600');
INSERT INTO `address` VALUES ('320682', '如皋市', '320600');
INSERT INTO `address` VALUES ('320684', '海门市', '320600');
INSERT INTO `address` VALUES ('320700', '连云港市', '320000');
INSERT INTO `address` VALUES ('320703', '连云区', '320700');
INSERT INTO `address` VALUES ('320706', '海州区', '320700');
INSERT INTO `address` VALUES ('320707', '赣榆区', '320700');
INSERT INTO `address` VALUES ('320722', '东海县', '320700');
INSERT INTO `address` VALUES ('320723', '灌云县', '320700');
INSERT INTO `address` VALUES ('320724', '灌南县', '320700');
INSERT INTO `address` VALUES ('320800', '淮安市', '320000');
INSERT INTO `address` VALUES ('320802', '清河区', '320800');
INSERT INTO `address` VALUES ('320803', '淮安区', '320800');
INSERT INTO `address` VALUES ('320804', '淮阴区', '320800');
INSERT INTO `address` VALUES ('320811', '清浦区', '320800');
INSERT INTO `address` VALUES ('320826', '涟水县', '320800');
INSERT INTO `address` VALUES ('320829', '洪泽县', '320800');
INSERT INTO `address` VALUES ('320830', '盱眙县', '320800');
INSERT INTO `address` VALUES ('320831', '金湖县', '320800');
INSERT INTO `address` VALUES ('320900', '盐城市', '320000');
INSERT INTO `address` VALUES ('320902', '亭湖区', '320900');
INSERT INTO `address` VALUES ('320903', '盐都区', '320900');
INSERT INTO `address` VALUES ('320921', '响水县', '320900');
INSERT INTO `address` VALUES ('320922', '滨海县', '320900');
INSERT INTO `address` VALUES ('320923', '阜宁县', '320900');
INSERT INTO `address` VALUES ('320924', '射阳县', '320900');
INSERT INTO `address` VALUES ('320925', '建湖县', '320900');
INSERT INTO `address` VALUES ('320981', '东台市', '320900');
INSERT INTO `address` VALUES ('320982', '大丰市', '320900');
INSERT INTO `address` VALUES ('321000', '扬州市', '320000');
INSERT INTO `address` VALUES ('321002', '广陵区', '321000');
INSERT INTO `address` VALUES ('321003', '邗江区', '321000');
INSERT INTO `address` VALUES ('321012', '江都区', '321000');
INSERT INTO `address` VALUES ('321023', '宝应县', '321000');
INSERT INTO `address` VALUES ('321081', '仪征市', '321000');
INSERT INTO `address` VALUES ('321084', '高邮市', '321000');
INSERT INTO `address` VALUES ('321100', '镇江市', '320000');
INSERT INTO `address` VALUES ('321102', '京口区', '321100');
INSERT INTO `address` VALUES ('321111', '润州区', '321100');
INSERT INTO `address` VALUES ('321112', '丹徒区', '321100');
INSERT INTO `address` VALUES ('321181', '丹阳市', '321100');
INSERT INTO `address` VALUES ('321182', '扬中市', '321100');
INSERT INTO `address` VALUES ('321183', '句容市', '321100');
INSERT INTO `address` VALUES ('321200', '泰州市', '320000');
INSERT INTO `address` VALUES ('321202', '海陵区', '321200');
INSERT INTO `address` VALUES ('321203', '高港区', '321200');
INSERT INTO `address` VALUES ('321204', '姜堰区', '321200');
INSERT INTO `address` VALUES ('321281', '兴化市', '321200');
INSERT INTO `address` VALUES ('321282', '靖江市', '321200');
INSERT INTO `address` VALUES ('321283', '泰兴市', '321200');
INSERT INTO `address` VALUES ('321300', '宿迁市', '320000');
INSERT INTO `address` VALUES ('321302', '宿城区', '321300');
INSERT INTO `address` VALUES ('321311', '宿豫区', '321300');
INSERT INTO `address` VALUES ('321322', '沭阳县', '321300');
INSERT INTO `address` VALUES ('321323', '泗阳县', '321300');
INSERT INTO `address` VALUES ('321324', '泗洪县', '321300');
INSERT INTO `address` VALUES ('330000', '浙江省', '330000');
INSERT INTO `address` VALUES ('330100', '杭州市', '330000');
INSERT INTO `address` VALUES ('330102', '上城区', '330100');
INSERT INTO `address` VALUES ('330103', '下城区', '330100');
INSERT INTO `address` VALUES ('330104', '江干区', '330100');
INSERT INTO `address` VALUES ('330105', '拱墅区', '330100');
INSERT INTO `address` VALUES ('330106', '西湖区', '330100');
INSERT INTO `address` VALUES ('330108', '滨江区', '330100');
INSERT INTO `address` VALUES ('330109', '萧山区', '330100');
INSERT INTO `address` VALUES ('330110', '余杭区', '330100');
INSERT INTO `address` VALUES ('330122', '桐庐县', '330100');
INSERT INTO `address` VALUES ('330127', '淳安县', '330100');
INSERT INTO `address` VALUES ('330182', '建德市', '330100');
INSERT INTO `address` VALUES ('330183', '富阳区', '330100');
INSERT INTO `address` VALUES ('330185', '临安市', '330100');
INSERT INTO `address` VALUES ('330200', '宁波市', '330000');
INSERT INTO `address` VALUES ('330203', '海曙区', '330200');
INSERT INTO `address` VALUES ('330204', '江东区', '330200');
INSERT INTO `address` VALUES ('330205', '江北区', '330200');
INSERT INTO `address` VALUES ('330206', '北仑区', '330200');
INSERT INTO `address` VALUES ('330211', '镇海区', '330200');
INSERT INTO `address` VALUES ('330212', '鄞州区', '330200');
INSERT INTO `address` VALUES ('330225', '象山县', '330200');
INSERT INTO `address` VALUES ('330226', '宁海县', '330200');
INSERT INTO `address` VALUES ('330281', '余姚市', '330200');
INSERT INTO `address` VALUES ('330282', '慈溪市', '330200');
INSERT INTO `address` VALUES ('330283', '奉化市', '330200');
INSERT INTO `address` VALUES ('330300', '温州市', '330000');
INSERT INTO `address` VALUES ('330302', '鹿城区', '330300');
INSERT INTO `address` VALUES ('330303', '龙湾区', '330300');
INSERT INTO `address` VALUES ('330304', '瓯海区', '330300');
INSERT INTO `address` VALUES ('330322', '洞头县', '330300');
INSERT INTO `address` VALUES ('330324', '永嘉县', '330300');
INSERT INTO `address` VALUES ('330326', '平阳县', '330300');
INSERT INTO `address` VALUES ('330327', '苍南县', '330300');
INSERT INTO `address` VALUES ('330328', '文成县', '330300');
INSERT INTO `address` VALUES ('330329', '泰顺县', '330300');
INSERT INTO `address` VALUES ('330381', '瑞安市', '330300');
INSERT INTO `address` VALUES ('330382', '乐清市', '330300');
INSERT INTO `address` VALUES ('330400', '嘉兴市', '330000');
INSERT INTO `address` VALUES ('330402', '南湖区', '330400');
INSERT INTO `address` VALUES ('330411', '秀洲区', '330400');
INSERT INTO `address` VALUES ('330421', '嘉善县', '330400');
INSERT INTO `address` VALUES ('330424', '海盐县', '330400');
INSERT INTO `address` VALUES ('330481', '海宁市', '330400');
INSERT INTO `address` VALUES ('330482', '平湖市', '330400');
INSERT INTO `address` VALUES ('330483', '桐乡市', '330400');
INSERT INTO `address` VALUES ('330500', '湖州市', '330000');
INSERT INTO `address` VALUES ('330502', '吴兴区', '330500');
INSERT INTO `address` VALUES ('330503', '南浔区', '330500');
INSERT INTO `address` VALUES ('330521', '德清县', '330500');
INSERT INTO `address` VALUES ('330522', '长兴县', '330500');
INSERT INTO `address` VALUES ('330523', '安吉县', '330500');
INSERT INTO `address` VALUES ('330600', '绍兴市', '330000');
INSERT INTO `address` VALUES ('330602', '越城区', '330600');
INSERT INTO `address` VALUES ('330603', '柯桥区', '330600');
INSERT INTO `address` VALUES ('330604', '上虞区', '330600');
INSERT INTO `address` VALUES ('330624', '新昌县', '330600');
INSERT INTO `address` VALUES ('330681', '诸暨市', '330600');
INSERT INTO `address` VALUES ('330683', '嵊州市', '330600');
INSERT INTO `address` VALUES ('330700', '金华市', '330000');
INSERT INTO `address` VALUES ('330702', '婺城区', '330700');
INSERT INTO `address` VALUES ('330703', '金东区', '330700');
INSERT INTO `address` VALUES ('330723', '武义县', '330700');
INSERT INTO `address` VALUES ('330726', '浦江县', '330700');
INSERT INTO `address` VALUES ('330727', '磐安县', '330700');
INSERT INTO `address` VALUES ('330781', '兰溪市', '330700');
INSERT INTO `address` VALUES ('330782', '义乌市', '330700');
INSERT INTO `address` VALUES ('330783', '东阳市', '330700');
INSERT INTO `address` VALUES ('330784', '永康市', '330700');
INSERT INTO `address` VALUES ('330800', '衢州市', '330000');
INSERT INTO `address` VALUES ('330802', '柯城区', '330800');
INSERT INTO `address` VALUES ('330803', '衢江区', '330800');
INSERT INTO `address` VALUES ('330822', '常山县', '330800');
INSERT INTO `address` VALUES ('330824', '开化县', '330800');
INSERT INTO `address` VALUES ('330825', '龙游县', '330800');
INSERT INTO `address` VALUES ('330881', '江山市', '330800');
INSERT INTO `address` VALUES ('330900', '舟山市', '330000');
INSERT INTO `address` VALUES ('330902', '定海区', '330900');
INSERT INTO `address` VALUES ('330903', '普陀区', '330900');
INSERT INTO `address` VALUES ('330921', '岱山县', '330900');
INSERT INTO `address` VALUES ('330922', '嵊泗县', '330900');
INSERT INTO `address` VALUES ('331000', '台州市', '330000');
INSERT INTO `address` VALUES ('331002', '椒江区', '331000');
INSERT INTO `address` VALUES ('331003', '黄岩区', '331000');
INSERT INTO `address` VALUES ('331004', '路桥区', '331000');
INSERT INTO `address` VALUES ('331021', '玉环县', '331000');
INSERT INTO `address` VALUES ('331022', '三门县', '331000');
INSERT INTO `address` VALUES ('331023', '天台县', '331000');
INSERT INTO `address` VALUES ('331024', '仙居县', '331000');
INSERT INTO `address` VALUES ('331081', '温岭市', '331000');
INSERT INTO `address` VALUES ('331082', '临海市', '331000');
INSERT INTO `address` VALUES ('331100', '丽水市', '330000');
INSERT INTO `address` VALUES ('331102', '莲都区', '331100');
INSERT INTO `address` VALUES ('331121', '青田县', '331100');
INSERT INTO `address` VALUES ('331122', '缙云县', '331100');
INSERT INTO `address` VALUES ('331123', '遂昌县', '331100');
INSERT INTO `address` VALUES ('331124', '松阳县', '331100');
INSERT INTO `address` VALUES ('331125', '云和县', '331100');
INSERT INTO `address` VALUES ('331126', '庆元县', '331100');
INSERT INTO `address` VALUES ('331127', '景宁畲族自治县', '331100');
INSERT INTO `address` VALUES ('331181', '龙泉市', '331100');
INSERT INTO `address` VALUES ('331200', '舟山群岛新区', '330000');
INSERT INTO `address` VALUES ('331201', '金塘岛', '331200');
INSERT INTO `address` VALUES ('331202', '六横岛', '331200');
INSERT INTO `address` VALUES ('331203', '衢山岛', '331200');
INSERT INTO `address` VALUES ('331204', '舟山本岛西北部', '331200');
INSERT INTO `address` VALUES ('331205', '岱山岛西南部', '331200');
INSERT INTO `address` VALUES ('331206', '泗礁岛', '331200');
INSERT INTO `address` VALUES ('331207', '朱家尖岛', '331200');
INSERT INTO `address` VALUES ('331208', '洋山岛', '331200');
INSERT INTO `address` VALUES ('331209', '长涂岛', '331200');
INSERT INTO `address` VALUES ('331210', '虾峙岛', '331200');
INSERT INTO `address` VALUES ('340000', '安徽省', '340000');
INSERT INTO `address` VALUES ('340100', '合肥市', '340000');
INSERT INTO `address` VALUES ('340102', '瑶海区', '340100');
INSERT INTO `address` VALUES ('340103', '庐阳区', '340100');
INSERT INTO `address` VALUES ('340104', '蜀山区', '340100');
INSERT INTO `address` VALUES ('340111', '包河区', '340100');
INSERT INTO `address` VALUES ('340121', '长丰县', '340100');
INSERT INTO `address` VALUES ('340122', '肥东县', '340100');
INSERT INTO `address` VALUES ('340123', '肥西县', '340100');
INSERT INTO `address` VALUES ('340124', '庐江县', '340100');
INSERT INTO `address` VALUES ('340181', '巢湖市', '340100');
INSERT INTO `address` VALUES ('340200', '芜湖市', '340000');
INSERT INTO `address` VALUES ('340202', '镜湖区', '340200');
INSERT INTO `address` VALUES ('340203', '弋江区', '340200');
INSERT INTO `address` VALUES ('340207', '鸠江区', '340200');
INSERT INTO `address` VALUES ('340208', '三山区', '340200');
INSERT INTO `address` VALUES ('340221', '芜湖县', '340200');
INSERT INTO `address` VALUES ('340222', '繁昌县', '340200');
INSERT INTO `address` VALUES ('340223', '南陵县', '340200');
INSERT INTO `address` VALUES ('340225', '无为县', '340200');
INSERT INTO `address` VALUES ('340300', '蚌埠市', '340000');
INSERT INTO `address` VALUES ('340302', '龙子湖区', '340300');
INSERT INTO `address` VALUES ('340303', '蚌山区', '340300');
INSERT INTO `address` VALUES ('340304', '禹会区', '340300');
INSERT INTO `address` VALUES ('340311', '淮上区', '340300');
INSERT INTO `address` VALUES ('340321', '怀远县', '340300');
INSERT INTO `address` VALUES ('340322', '五河县', '340300');
INSERT INTO `address` VALUES ('340323', '固镇县', '340300');
INSERT INTO `address` VALUES ('340400', '淮南市', '340000');
INSERT INTO `address` VALUES ('340402', '大通区', '340400');
INSERT INTO `address` VALUES ('340403', '田家庵区', '340400');
INSERT INTO `address` VALUES ('340404', '谢家集区', '340400');
INSERT INTO `address` VALUES ('340405', '八公山区', '340400');
INSERT INTO `address` VALUES ('340406', '潘集区', '340400');
INSERT INTO `address` VALUES ('340421', '凤台县', '340400');
INSERT INTO `address` VALUES ('340500', '马鞍山市', '340000');
INSERT INTO `address` VALUES ('340503', '花山区', '340500');
INSERT INTO `address` VALUES ('340504', '雨山区', '340500');
INSERT INTO `address` VALUES ('340506', '博望区', '340500');
INSERT INTO `address` VALUES ('340521', '当涂县', '340500');
INSERT INTO `address` VALUES ('340522', '含山县', '340500');
INSERT INTO `address` VALUES ('340523', '和县', '340500');
INSERT INTO `address` VALUES ('340600', '淮北市', '340000');
INSERT INTO `address` VALUES ('340602', '杜集区', '340600');
INSERT INTO `address` VALUES ('340603', '相山区', '340600');
INSERT INTO `address` VALUES ('340604', '烈山区', '340600');
INSERT INTO `address` VALUES ('340621', '濉溪县', '340600');
INSERT INTO `address` VALUES ('340700', '铜陵市', '340000');
INSERT INTO `address` VALUES ('340702', '铜官山区', '340700');
INSERT INTO `address` VALUES ('340703', '狮子山区', '340700');
INSERT INTO `address` VALUES ('340711', '郊区', '340700');
INSERT INTO `address` VALUES ('340721', '铜陵县', '340700');
INSERT INTO `address` VALUES ('340800', '安庆市', '340000');
INSERT INTO `address` VALUES ('340802', '迎江区', '340800');
INSERT INTO `address` VALUES ('340803', '大观区', '340800');
INSERT INTO `address` VALUES ('340811', '宜秀区', '340800');
INSERT INTO `address` VALUES ('340822', '怀宁县', '340800');
INSERT INTO `address` VALUES ('340823', '枞阳县', '340800');
INSERT INTO `address` VALUES ('340824', '潜山县', '340800');
INSERT INTO `address` VALUES ('340825', '太湖县', '340800');
INSERT INTO `address` VALUES ('340826', '宿松县', '340800');
INSERT INTO `address` VALUES ('340827', '望江县', '340800');
INSERT INTO `address` VALUES ('340828', '岳西县', '340800');
INSERT INTO `address` VALUES ('340881', '桐城市', '340800');
INSERT INTO `address` VALUES ('341000', '黄山市', '340000');
INSERT INTO `address` VALUES ('341002', '屯溪区', '341000');
INSERT INTO `address` VALUES ('341003', '黄山区', '341000');
INSERT INTO `address` VALUES ('341004', '徽州区', '341000');
INSERT INTO `address` VALUES ('341021', '歙县', '341000');
INSERT INTO `address` VALUES ('341022', '休宁县', '341000');
INSERT INTO `address` VALUES ('341023', '黟县', '341000');
INSERT INTO `address` VALUES ('341024', '祁门县', '341000');
INSERT INTO `address` VALUES ('341100', '滁州市', '340000');
INSERT INTO `address` VALUES ('341102', '琅琊区', '341100');
INSERT INTO `address` VALUES ('341103', '南谯区', '341100');
INSERT INTO `address` VALUES ('341122', '来安县', '341100');
INSERT INTO `address` VALUES ('341124', '全椒县', '341100');
INSERT INTO `address` VALUES ('341125', '定远县', '341100');
INSERT INTO `address` VALUES ('341126', '凤阳县', '341100');
INSERT INTO `address` VALUES ('341181', '天长市', '341100');
INSERT INTO `address` VALUES ('341182', '明光市', '341100');
INSERT INTO `address` VALUES ('341200', '阜阳市', '340000');
INSERT INTO `address` VALUES ('341202', '颍州区', '341200');
INSERT INTO `address` VALUES ('341203', '颍东区', '341200');
INSERT INTO `address` VALUES ('341204', '颍泉区', '341200');
INSERT INTO `address` VALUES ('341221', '临泉县', '341200');
INSERT INTO `address` VALUES ('341222', '太和县', '341200');
INSERT INTO `address` VALUES ('341225', '阜南县', '341200');
INSERT INTO `address` VALUES ('341226', '颍上县', '341200');
INSERT INTO `address` VALUES ('341282', '界首市', '341200');
INSERT INTO `address` VALUES ('341300', '宿州市', '340000');
INSERT INTO `address` VALUES ('341302', '埇桥区', '341300');
INSERT INTO `address` VALUES ('341321', '砀山县', '341300');
INSERT INTO `address` VALUES ('341322', '萧县', '341300');
INSERT INTO `address` VALUES ('341323', '灵璧县', '341300');
INSERT INTO `address` VALUES ('341324', '泗县', '341300');
INSERT INTO `address` VALUES ('341500', '六安市', '340000');
INSERT INTO `address` VALUES ('341502', '金安区', '341500');
INSERT INTO `address` VALUES ('341503', '裕安区', '341500');
INSERT INTO `address` VALUES ('341521', '寿县', '341500');
INSERT INTO `address` VALUES ('341522', '霍邱县', '341500');
INSERT INTO `address` VALUES ('341523', '舒城县', '341500');
INSERT INTO `address` VALUES ('341524', '金寨县', '341500');
INSERT INTO `address` VALUES ('341525', '霍山县', '341500');
INSERT INTO `address` VALUES ('341600', '亳州市', '340000');
INSERT INTO `address` VALUES ('341602', '谯城区', '341600');
INSERT INTO `address` VALUES ('341621', '涡阳县', '341600');
INSERT INTO `address` VALUES ('341622', '蒙城县', '341600');
INSERT INTO `address` VALUES ('341623', '利辛县', '341600');
INSERT INTO `address` VALUES ('341700', '池州市', '340000');
INSERT INTO `address` VALUES ('341702', '贵池区', '341700');
INSERT INTO `address` VALUES ('341721', '东至县', '341700');
INSERT INTO `address` VALUES ('341722', '石台县', '341700');
INSERT INTO `address` VALUES ('341723', '青阳县', '341700');
INSERT INTO `address` VALUES ('341800', '宣城市', '340000');
INSERT INTO `address` VALUES ('341802', '宣州区', '341800');
INSERT INTO `address` VALUES ('341821', '郎溪县', '341800');
INSERT INTO `address` VALUES ('341822', '广德县', '341800');
INSERT INTO `address` VALUES ('341823', '泾县', '341800');
INSERT INTO `address` VALUES ('341824', '绩溪县', '341800');
INSERT INTO `address` VALUES ('341825', '旌德县', '341800');
INSERT INTO `address` VALUES ('341881', '宁国市', '341800');
INSERT INTO `address` VALUES ('350000', '福建省', '350000');
INSERT INTO `address` VALUES ('350100', '福州市', '350000');
INSERT INTO `address` VALUES ('350102', '鼓楼区', '350100');
INSERT INTO `address` VALUES ('350103', '台江区', '350100');
INSERT INTO `address` VALUES ('350104', '仓山区', '350100');
INSERT INTO `address` VALUES ('350105', '马尾区', '350100');
INSERT INTO `address` VALUES ('350111', '晋安区', '350100');
INSERT INTO `address` VALUES ('350121', '闽侯县', '350100');
INSERT INTO `address` VALUES ('350122', '连江县', '350100');
INSERT INTO `address` VALUES ('350123', '罗源县', '350100');
INSERT INTO `address` VALUES ('350124', '闽清县', '350100');
INSERT INTO `address` VALUES ('350125', '永泰县', '350100');
INSERT INTO `address` VALUES ('350128', '平潭县', '350100');
INSERT INTO `address` VALUES ('350181', '福清市', '350100');
INSERT INTO `address` VALUES ('350182', '长乐市', '350100');
INSERT INTO `address` VALUES ('350200', '厦门市', '350000');
INSERT INTO `address` VALUES ('350203', '思明区', '350200');
INSERT INTO `address` VALUES ('350205', '海沧区', '350200');
INSERT INTO `address` VALUES ('350206', '湖里区', '350200');
INSERT INTO `address` VALUES ('350211', '集美区', '350200');
INSERT INTO `address` VALUES ('350212', '同安区', '350200');
INSERT INTO `address` VALUES ('350213', '翔安区', '350200');
INSERT INTO `address` VALUES ('350300', '莆田市', '350000');
INSERT INTO `address` VALUES ('350302', '城厢区', '350300');
INSERT INTO `address` VALUES ('350303', '涵江区', '350300');
INSERT INTO `address` VALUES ('350304', '荔城区', '350300');
INSERT INTO `address` VALUES ('350305', '秀屿区', '350300');
INSERT INTO `address` VALUES ('350322', '仙游县', '350300');
INSERT INTO `address` VALUES ('350400', '三明市', '350000');
INSERT INTO `address` VALUES ('350402', '梅列区', '350400');
INSERT INTO `address` VALUES ('350403', '三元区', '350400');
INSERT INTO `address` VALUES ('350421', '明溪县', '350400');
INSERT INTO `address` VALUES ('350423', '清流县', '350400');
INSERT INTO `address` VALUES ('350424', '宁化县', '350400');
INSERT INTO `address` VALUES ('350425', '大田县', '350400');
INSERT INTO `address` VALUES ('350426', '尤溪县', '350400');
INSERT INTO `address` VALUES ('350427', '沙县', '350400');
INSERT INTO `address` VALUES ('350428', '将乐县', '350400');
INSERT INTO `address` VALUES ('350429', '泰宁县', '350400');
INSERT INTO `address` VALUES ('350430', '建宁县', '350400');
INSERT INTO `address` VALUES ('350481', '永安市', '350400');
INSERT INTO `address` VALUES ('350500', '泉州市', '350000');
INSERT INTO `address` VALUES ('350502', '鲤城区', '350500');
INSERT INTO `address` VALUES ('350503', '丰泽区', '350500');
INSERT INTO `address` VALUES ('350504', '洛江区', '350500');
INSERT INTO `address` VALUES ('350505', '泉港区', '350500');
INSERT INTO `address` VALUES ('350521', '惠安县', '350500');
INSERT INTO `address` VALUES ('350524', '安溪县', '350500');
INSERT INTO `address` VALUES ('350525', '永春县', '350500');
INSERT INTO `address` VALUES ('350526', '德化县', '350500');
INSERT INTO `address` VALUES ('350527', '金门县', '350500');
INSERT INTO `address` VALUES ('350581', '石狮市', '350500');
INSERT INTO `address` VALUES ('350582', '晋江市', '350500');
INSERT INTO `address` VALUES ('350583', '南安市', '350500');
INSERT INTO `address` VALUES ('350600', '漳州市', '350000');
INSERT INTO `address` VALUES ('350602', '芗城区', '350600');
INSERT INTO `address` VALUES ('350603', '龙文区', '350600');
INSERT INTO `address` VALUES ('350622', '云霄县', '350600');
INSERT INTO `address` VALUES ('350623', '漳浦县', '350600');
INSERT INTO `address` VALUES ('350624', '诏安县', '350600');
INSERT INTO `address` VALUES ('350625', '长泰县', '350600');
INSERT INTO `address` VALUES ('350626', '东山县', '350600');
INSERT INTO `address` VALUES ('350627', '南靖县', '350600');
INSERT INTO `address` VALUES ('350628', '平和县', '350600');
INSERT INTO `address` VALUES ('350629', '华安县', '350600');
INSERT INTO `address` VALUES ('350681', '龙海市', '350600');
INSERT INTO `address` VALUES ('350700', '南平市', '350000');
INSERT INTO `address` VALUES ('350702', '延平区', '350700');
INSERT INTO `address` VALUES ('350703', '建阳区', '350700');
INSERT INTO `address` VALUES ('350721', '顺昌县', '350700');
INSERT INTO `address` VALUES ('350722', '浦城县', '350700');
INSERT INTO `address` VALUES ('350723', '光泽县', '350700');
INSERT INTO `address` VALUES ('350724', '松溪县', '350700');
INSERT INTO `address` VALUES ('350725', '政和县', '350700');
INSERT INTO `address` VALUES ('350781', '邵武市', '350700');
INSERT INTO `address` VALUES ('350782', '武夷山市', '350700');
INSERT INTO `address` VALUES ('350783', '建瓯市', '350700');
INSERT INTO `address` VALUES ('350800', '龙岩市', '350000');
INSERT INTO `address` VALUES ('350802', '新罗区', '350800');
INSERT INTO `address` VALUES ('350821', '长汀县', '350800');
INSERT INTO `address` VALUES ('350822', '永定区', '350800');
INSERT INTO `address` VALUES ('350823', '上杭县', '350800');
INSERT INTO `address` VALUES ('350824', '武平县', '350800');
INSERT INTO `address` VALUES ('350825', '连城县', '350800');
INSERT INTO `address` VALUES ('350881', '漳平市', '350800');
INSERT INTO `address` VALUES ('350900', '宁德市', '350000');
INSERT INTO `address` VALUES ('350902', '蕉城区', '350900');
INSERT INTO `address` VALUES ('350921', '霞浦县', '350900');
INSERT INTO `address` VALUES ('350922', '古田县', '350900');
INSERT INTO `address` VALUES ('350923', '屏南县', '350900');
INSERT INTO `address` VALUES ('350924', '寿宁县', '350900');
INSERT INTO `address` VALUES ('350925', '周宁县', '350900');
INSERT INTO `address` VALUES ('350926', '柘荣县', '350900');
INSERT INTO `address` VALUES ('350981', '福安市', '350900');
INSERT INTO `address` VALUES ('350982', '福鼎市', '350900');
INSERT INTO `address` VALUES ('360000', '江西省', '360000');
INSERT INTO `address` VALUES ('360100', '南昌市', '360000');
INSERT INTO `address` VALUES ('360102', '东湖区', '360100');
INSERT INTO `address` VALUES ('360103', '西湖区', '360100');
INSERT INTO `address` VALUES ('360104', '青云谱区', '360100');
INSERT INTO `address` VALUES ('360105', '湾里区', '360100');
INSERT INTO `address` VALUES ('360111', '青山湖区', '360100');
INSERT INTO `address` VALUES ('360121', '南昌县', '360100');
INSERT INTO `address` VALUES ('360122', '新建县', '360100');
INSERT INTO `address` VALUES ('360123', '安义县', '360100');
INSERT INTO `address` VALUES ('360124', '进贤县', '360100');
INSERT INTO `address` VALUES ('360200', '景德镇市', '360000');
INSERT INTO `address` VALUES ('360202', '昌江区', '360200');
INSERT INTO `address` VALUES ('360203', '珠山区', '360200');
INSERT INTO `address` VALUES ('360222', '浮梁县', '360200');
INSERT INTO `address` VALUES ('360281', '乐平市', '360200');
INSERT INTO `address` VALUES ('360300', '萍乡市', '360000');
INSERT INTO `address` VALUES ('360302', '安源区', '360300');
INSERT INTO `address` VALUES ('360313', '湘东区', '360300');
INSERT INTO `address` VALUES ('360321', '莲花县', '360300');
INSERT INTO `address` VALUES ('360322', '上栗县', '360300');
INSERT INTO `address` VALUES ('360323', '芦溪县', '360300');
INSERT INTO `address` VALUES ('360400', '九江市', '360000');
INSERT INTO `address` VALUES ('360402', '庐山区', '360400');
INSERT INTO `address` VALUES ('360403', '浔阳区', '360400');
INSERT INTO `address` VALUES ('360421', '九江县', '360400');
INSERT INTO `address` VALUES ('360423', '武宁县', '360400');
INSERT INTO `address` VALUES ('360424', '修水县', '360400');
INSERT INTO `address` VALUES ('360425', '永修县', '360400');
INSERT INTO `address` VALUES ('360426', '德安县', '360400');
INSERT INTO `address` VALUES ('360427', '星子县', '360400');
INSERT INTO `address` VALUES ('360428', '都昌县', '360400');
INSERT INTO `address` VALUES ('360429', '湖口县', '360400');
INSERT INTO `address` VALUES ('360430', '彭泽县', '360400');
INSERT INTO `address` VALUES ('360481', '瑞昌市', '360400');
INSERT INTO `address` VALUES ('360482', '共青城市', '360400');
INSERT INTO `address` VALUES ('360500', '新余市', '360000');
INSERT INTO `address` VALUES ('360502', '渝水区', '360500');
INSERT INTO `address` VALUES ('360521', '分宜县', '360500');
INSERT INTO `address` VALUES ('360600', '鹰潭市', '360000');
INSERT INTO `address` VALUES ('360602', '月湖区', '360600');
INSERT INTO `address` VALUES ('360622', '余江县', '360600');
INSERT INTO `address` VALUES ('360681', '贵溪市', '360600');
INSERT INTO `address` VALUES ('360700', '赣州市', '360000');
INSERT INTO `address` VALUES ('360702', '章贡区', '360700');
INSERT INTO `address` VALUES ('360703', '南康区', '360700');
INSERT INTO `address` VALUES ('360721', '赣县', '360700');
INSERT INTO `address` VALUES ('360722', '信丰县', '360700');
INSERT INTO `address` VALUES ('360723', '大余县', '360700');
INSERT INTO `address` VALUES ('360724', '上犹县', '360700');
INSERT INTO `address` VALUES ('360725', '崇义县', '360700');
INSERT INTO `address` VALUES ('360726', '安远县', '360700');
INSERT INTO `address` VALUES ('360727', '龙南县', '360700');
INSERT INTO `address` VALUES ('360728', '定南县', '360700');
INSERT INTO `address` VALUES ('360729', '全南县', '360700');
INSERT INTO `address` VALUES ('360730', '宁都县', '360700');
INSERT INTO `address` VALUES ('360731', '于都县', '360700');
INSERT INTO `address` VALUES ('360732', '兴国县', '360700');
INSERT INTO `address` VALUES ('360733', '会昌县', '360700');
INSERT INTO `address` VALUES ('360734', '寻乌县', '360700');
INSERT INTO `address` VALUES ('360735', '石城县', '360700');
INSERT INTO `address` VALUES ('360781', '瑞金市', '360700');
INSERT INTO `address` VALUES ('360800', '吉安市', '360000');
INSERT INTO `address` VALUES ('360802', '吉州区', '360800');
INSERT INTO `address` VALUES ('360803', '青原区', '360800');
INSERT INTO `address` VALUES ('360821', '吉安县', '360800');
INSERT INTO `address` VALUES ('360822', '吉水县', '360800');
INSERT INTO `address` VALUES ('360823', '峡江县', '360800');
INSERT INTO `address` VALUES ('360824', '新干县', '360800');
INSERT INTO `address` VALUES ('360825', '永丰县', '360800');
INSERT INTO `address` VALUES ('360826', '泰和县', '360800');
INSERT INTO `address` VALUES ('360827', '遂川县', '360800');
INSERT INTO `address` VALUES ('360828', '万安县', '360800');
INSERT INTO `address` VALUES ('360829', '安福县', '360800');
INSERT INTO `address` VALUES ('360830', '永新县', '360800');
INSERT INTO `address` VALUES ('360881', '井冈山市', '360800');
INSERT INTO `address` VALUES ('360900', '宜春市', '360000');
INSERT INTO `address` VALUES ('360902', '袁州区', '360900');
INSERT INTO `address` VALUES ('360921', '奉新县', '360900');
INSERT INTO `address` VALUES ('360922', '万载县', '360900');
INSERT INTO `address` VALUES ('360923', '上高县', '360900');
INSERT INTO `address` VALUES ('360924', '宜丰县', '360900');
INSERT INTO `address` VALUES ('360925', '靖安县', '360900');
INSERT INTO `address` VALUES ('360926', '铜鼓县', '360900');
INSERT INTO `address` VALUES ('360981', '丰城市', '360900');
INSERT INTO `address` VALUES ('360982', '樟树市', '360900');
INSERT INTO `address` VALUES ('360983', '高安市', '360900');
INSERT INTO `address` VALUES ('361000', '抚州市', '360000');
INSERT INTO `address` VALUES ('361002', '临川区', '361000');
INSERT INTO `address` VALUES ('361021', '南城县', '361000');
INSERT INTO `address` VALUES ('361022', '黎川县', '361000');
INSERT INTO `address` VALUES ('361023', '南丰县', '361000');
INSERT INTO `address` VALUES ('361024', '崇仁县', '361000');
INSERT INTO `address` VALUES ('361025', '乐安县', '361000');
INSERT INTO `address` VALUES ('361026', '宜黄县', '361000');
INSERT INTO `address` VALUES ('361027', '金溪县', '361000');
INSERT INTO `address` VALUES ('361028', '资溪县', '361000');
INSERT INTO `address` VALUES ('361029', '东乡县', '361000');
INSERT INTO `address` VALUES ('361030', '广昌县', '361000');
INSERT INTO `address` VALUES ('361100', '上饶市', '360000');
INSERT INTO `address` VALUES ('361102', '信州区', '361100');
INSERT INTO `address` VALUES ('361121', '上饶县', '361100');
INSERT INTO `address` VALUES ('361122', '广丰县', '361100');
INSERT INTO `address` VALUES ('361123', '玉山县', '361100');
INSERT INTO `address` VALUES ('361124', '铅山县', '361100');
INSERT INTO `address` VALUES ('361125', '横峰县', '361100');
INSERT INTO `address` VALUES ('361126', '弋阳县', '361100');
INSERT INTO `address` VALUES ('361127', '余干县', '361100');
INSERT INTO `address` VALUES ('361128', '鄱阳县', '361100');
INSERT INTO `address` VALUES ('361129', '万年县', '361100');
INSERT INTO `address` VALUES ('361130', '婺源县', '361100');
INSERT INTO `address` VALUES ('361181', '德兴市', '361100');
INSERT INTO `address` VALUES ('370000', '山东省', '370000');
INSERT INTO `address` VALUES ('370100', '济南市', '370000');
INSERT INTO `address` VALUES ('370102', '历下区', '370100');
INSERT INTO `address` VALUES ('370103', '市中区', '370100');
INSERT INTO `address` VALUES ('370104', '槐荫区', '370100');
INSERT INTO `address` VALUES ('370105', '天桥区', '370100');
INSERT INTO `address` VALUES ('370112', '历城区', '370100');
INSERT INTO `address` VALUES ('370113', '长清区', '370100');
INSERT INTO `address` VALUES ('370124', '平阴县', '370100');
INSERT INTO `address` VALUES ('370125', '济阳县', '370100');
INSERT INTO `address` VALUES ('370126', '商河县', '370100');
INSERT INTO `address` VALUES ('370181', '章丘市', '370100');
INSERT INTO `address` VALUES ('370200', '青岛市', '370000');
INSERT INTO `address` VALUES ('370202', '市南区', '370200');
INSERT INTO `address` VALUES ('370203', '市北区', '370200');
INSERT INTO `address` VALUES ('370211', '黄岛区', '370200');
INSERT INTO `address` VALUES ('370212', '崂山区', '370200');
INSERT INTO `address` VALUES ('370213', '李沧区', '370200');
INSERT INTO `address` VALUES ('370214', '城阳区', '370200');
INSERT INTO `address` VALUES ('370281', '胶州市', '370200');
INSERT INTO `address` VALUES ('370282', '即墨市', '370200');
INSERT INTO `address` VALUES ('370283', '平度市', '370200');
INSERT INTO `address` VALUES ('370285', '莱西市', '370200');
INSERT INTO `address` VALUES ('370286', '西海岸新区', '370200');
INSERT INTO `address` VALUES ('370300', '淄博市', '370000');
INSERT INTO `address` VALUES ('370302', '淄川区', '370300');
INSERT INTO `address` VALUES ('370303', '张店区', '370300');
INSERT INTO `address` VALUES ('370304', '博山区', '370300');
INSERT INTO `address` VALUES ('370305', '临淄区', '370300');
INSERT INTO `address` VALUES ('370306', '周村区', '370300');
INSERT INTO `address` VALUES ('370321', '桓台县', '370300');
INSERT INTO `address` VALUES ('370322', '高青县', '370300');
INSERT INTO `address` VALUES ('370323', '沂源县', '370300');
INSERT INTO `address` VALUES ('370400', '枣庄市', '370000');
INSERT INTO `address` VALUES ('370402', '市中区', '370400');
INSERT INTO `address` VALUES ('370403', '薛城区', '370400');
INSERT INTO `address` VALUES ('370404', '峄城区', '370400');
INSERT INTO `address` VALUES ('370405', '台儿庄区', '370400');
INSERT INTO `address` VALUES ('370406', '山亭区', '370400');
INSERT INTO `address` VALUES ('370481', '滕州市', '370400');
INSERT INTO `address` VALUES ('370500', '东营市', '370000');
INSERT INTO `address` VALUES ('370502', '东营区', '370500');
INSERT INTO `address` VALUES ('370503', '河口区', '370500');
INSERT INTO `address` VALUES ('370521', '垦利县', '370500');
INSERT INTO `address` VALUES ('370522', '利津县', '370500');
INSERT INTO `address` VALUES ('370523', '广饶县', '370500');
INSERT INTO `address` VALUES ('370600', '烟台市', '370000');
INSERT INTO `address` VALUES ('370602', '芝罘区', '370600');
INSERT INTO `address` VALUES ('370611', '福山区', '370600');
INSERT INTO `address` VALUES ('370612', '牟平区', '370600');
INSERT INTO `address` VALUES ('370613', '莱山区', '370600');
INSERT INTO `address` VALUES ('370634', '长岛县', '370600');
INSERT INTO `address` VALUES ('370681', '龙口市', '370600');
INSERT INTO `address` VALUES ('370682', '莱阳市', '370600');
INSERT INTO `address` VALUES ('370683', '莱州市', '370600');
INSERT INTO `address` VALUES ('370684', '蓬莱市', '370600');
INSERT INTO `address` VALUES ('370685', '招远市', '370600');
INSERT INTO `address` VALUES ('370686', '栖霞市', '370600');
INSERT INTO `address` VALUES ('370687', '海阳市', '370600');
INSERT INTO `address` VALUES ('370700', '潍坊市', '370000');
INSERT INTO `address` VALUES ('370702', '潍城区', '370700');
INSERT INTO `address` VALUES ('370703', '寒亭区', '370700');
INSERT INTO `address` VALUES ('370704', '坊子区', '370700');
INSERT INTO `address` VALUES ('370705', '奎文区', '370700');
INSERT INTO `address` VALUES ('370724', '临朐县', '370700');
INSERT INTO `address` VALUES ('370725', '昌乐县', '370700');
INSERT INTO `address` VALUES ('370781', '青州市', '370700');
INSERT INTO `address` VALUES ('370782', '诸城市', '370700');
INSERT INTO `address` VALUES ('370783', '寿光市', '370700');
INSERT INTO `address` VALUES ('370784', '安丘市', '370700');
INSERT INTO `address` VALUES ('370785', '高密市', '370700');
INSERT INTO `address` VALUES ('370786', '昌邑市', '370700');
INSERT INTO `address` VALUES ('370800', '济宁市', '370000');
INSERT INTO `address` VALUES ('370811', '任城区', '370800');
INSERT INTO `address` VALUES ('370812', '兖州区', '370800');
INSERT INTO `address` VALUES ('370826', '微山县', '370800');
INSERT INTO `address` VALUES ('370827', '鱼台县', '370800');
INSERT INTO `address` VALUES ('370828', '金乡县', '370800');
INSERT INTO `address` VALUES ('370829', '嘉祥县', '370800');
INSERT INTO `address` VALUES ('370830', '汶上县', '370800');
INSERT INTO `address` VALUES ('370831', '泗水县', '370800');
INSERT INTO `address` VALUES ('370832', '梁山县', '370800');
INSERT INTO `address` VALUES ('370881', '曲阜市', '370800');
INSERT INTO `address` VALUES ('370883', '邹城市', '370800');
INSERT INTO `address` VALUES ('370900', '泰安市', '370000');
INSERT INTO `address` VALUES ('370902', '泰山区', '370900');
INSERT INTO `address` VALUES ('370911', '岱岳区', '370900');
INSERT INTO `address` VALUES ('370921', '宁阳县', '370900');
INSERT INTO `address` VALUES ('370923', '东平县', '370900');
INSERT INTO `address` VALUES ('370982', '新泰市', '370900');
INSERT INTO `address` VALUES ('370983', '肥城市', '370900');
INSERT INTO `address` VALUES ('371000', '威海市', '370000');
INSERT INTO `address` VALUES ('371002', '环翠区', '371000');
INSERT INTO `address` VALUES ('371003', '文登区', '371000');
INSERT INTO `address` VALUES ('371082', '荣成市', '371000');
INSERT INTO `address` VALUES ('371083', '乳山市', '371000');
INSERT INTO `address` VALUES ('371100', '日照市', '370000');
INSERT INTO `address` VALUES ('371102', '东港区', '371100');
INSERT INTO `address` VALUES ('371103', '岚山区', '371100');
INSERT INTO `address` VALUES ('371121', '五莲县', '371100');
INSERT INTO `address` VALUES ('371122', '莒县', '371100');
INSERT INTO `address` VALUES ('371200', '莱芜市', '370000');
INSERT INTO `address` VALUES ('371202', '莱城区', '371200');
INSERT INTO `address` VALUES ('371203', '钢城区', '371200');
INSERT INTO `address` VALUES ('371300', '临沂市', '370000');
INSERT INTO `address` VALUES ('371302', '兰山区', '371300');
INSERT INTO `address` VALUES ('371311', '罗庄区', '371300');
INSERT INTO `address` VALUES ('371312', '河东区', '371300');
INSERT INTO `address` VALUES ('371321', '沂南县', '371300');
INSERT INTO `address` VALUES ('371322', '郯城县', '371300');
INSERT INTO `address` VALUES ('371323', '沂水县', '371300');
INSERT INTO `address` VALUES ('371324', '兰陵县', '371300');
INSERT INTO `address` VALUES ('371325', '费县', '371300');
INSERT INTO `address` VALUES ('371326', '平邑县', '371300');
INSERT INTO `address` VALUES ('371327', '莒南县', '371300');
INSERT INTO `address` VALUES ('371328', '蒙阴县', '371300');
INSERT INTO `address` VALUES ('371329', '临沭县', '371300');
INSERT INTO `address` VALUES ('371400', '德州市', '370000');
INSERT INTO `address` VALUES ('371402', '德城区', '371400');
INSERT INTO `address` VALUES ('371403', '陵城区', '371400');
INSERT INTO `address` VALUES ('371422', '宁津县', '371400');
INSERT INTO `address` VALUES ('371423', '庆云县', '371400');
INSERT INTO `address` VALUES ('371424', '临邑县', '371400');
INSERT INTO `address` VALUES ('371425', '齐河县', '371400');
INSERT INTO `address` VALUES ('371426', '平原县', '371400');
INSERT INTO `address` VALUES ('371427', '夏津县', '371400');
INSERT INTO `address` VALUES ('371428', '武城县', '371400');
INSERT INTO `address` VALUES ('371481', '乐陵市', '371400');
INSERT INTO `address` VALUES ('371482', '禹城市', '371400');
INSERT INTO `address` VALUES ('371500', '聊城市', '370000');
INSERT INTO `address` VALUES ('371502', '东昌府区', '371500');
INSERT INTO `address` VALUES ('371521', '阳谷县', '371500');
INSERT INTO `address` VALUES ('371522', '莘县', '371500');
INSERT INTO `address` VALUES ('371523', '茌平县', '371500');
INSERT INTO `address` VALUES ('371524', '东阿县', '371500');
INSERT INTO `address` VALUES ('371525', '冠县', '371500');
INSERT INTO `address` VALUES ('371526', '高唐县', '371500');
INSERT INTO `address` VALUES ('371581', '临清市', '371500');
INSERT INTO `address` VALUES ('371600', '滨州市', '370000');
INSERT INTO `address` VALUES ('371602', '滨城区', '371600');
INSERT INTO `address` VALUES ('371603', '沾化区', '371600');
INSERT INTO `address` VALUES ('371621', '惠民县', '371600');
INSERT INTO `address` VALUES ('371622', '阳信县', '371600');
INSERT INTO `address` VALUES ('371623', '无棣县', '371600');
INSERT INTO `address` VALUES ('371625', '博兴县', '371600');
INSERT INTO `address` VALUES ('371626', '邹平县', '371600');
INSERT INTO `address` VALUES ('371627', '北海新区', '371600');
INSERT INTO `address` VALUES ('371700', '菏泽市', '370000');
INSERT INTO `address` VALUES ('371702', '牡丹区', '371700');
INSERT INTO `address` VALUES ('371721', '曹县', '371700');
INSERT INTO `address` VALUES ('371722', '单县', '371700');
INSERT INTO `address` VALUES ('371723', '成武县', '371700');
INSERT INTO `address` VALUES ('371724', '巨野县', '371700');
INSERT INTO `address` VALUES ('371725', '郓城县', '371700');
INSERT INTO `address` VALUES ('371726', '鄄城县', '371700');
INSERT INTO `address` VALUES ('371727', '定陶县', '371700');
INSERT INTO `address` VALUES ('371728', '东明县', '371700');
INSERT INTO `address` VALUES ('410000', '河南省', '410000');
INSERT INTO `address` VALUES ('410100', '郑州市', '410000');
INSERT INTO `address` VALUES ('410102', '中原区', '410100');
INSERT INTO `address` VALUES ('410103', '二七区', '410100');
INSERT INTO `address` VALUES ('410104', '管城回族区', '410100');
INSERT INTO `address` VALUES ('410105', '金水区', '410100');
INSERT INTO `address` VALUES ('410106', '上街区', '410100');
INSERT INTO `address` VALUES ('410108', '惠济区', '410100');
INSERT INTO `address` VALUES ('410122', '中牟县', '410100');
INSERT INTO `address` VALUES ('410181', '巩义市', '410100');
INSERT INTO `address` VALUES ('410182', '荥阳市', '410100');
INSERT INTO `address` VALUES ('410183', '新密市', '410100');
INSERT INTO `address` VALUES ('410184', '新郑市', '410100');
INSERT INTO `address` VALUES ('410185', '登封市', '410100');
INSERT INTO `address` VALUES ('410200', '开封市', '410000');
INSERT INTO `address` VALUES ('410202', '龙亭区', '410200');
INSERT INTO `address` VALUES ('410203', '顺河回族区', '410200');
INSERT INTO `address` VALUES ('410204', '鼓楼区', '410200');
INSERT INTO `address` VALUES ('410205', '禹王台区', '410200');
INSERT INTO `address` VALUES ('410212', '祥符区', '410200');
INSERT INTO `address` VALUES ('410221', '杞县', '410200');
INSERT INTO `address` VALUES ('410222', '通许县', '410200');
INSERT INTO `address` VALUES ('410223', '尉氏县', '410200');
INSERT INTO `address` VALUES ('410225', '兰考县', '410200');
INSERT INTO `address` VALUES ('410300', '洛阳市', '410000');
INSERT INTO `address` VALUES ('410302', '老城区', '410300');
INSERT INTO `address` VALUES ('410303', '西工区', '410300');
INSERT INTO `address` VALUES ('410304', '瀍河回族区', '410300');
INSERT INTO `address` VALUES ('410305', '涧西区', '410300');
INSERT INTO `address` VALUES ('410306', '吉利区', '410300');
INSERT INTO `address` VALUES ('410311', '洛龙区', '410300');
INSERT INTO `address` VALUES ('410322', '孟津县', '410300');
INSERT INTO `address` VALUES ('410323', '新安县', '410300');
INSERT INTO `address` VALUES ('410324', '栾川县', '410300');
INSERT INTO `address` VALUES ('410325', '嵩县', '410300');
INSERT INTO `address` VALUES ('410326', '汝阳县', '410300');
INSERT INTO `address` VALUES ('410327', '宜阳县', '410300');
INSERT INTO `address` VALUES ('410328', '洛宁县', '410300');
INSERT INTO `address` VALUES ('410329', '伊川县', '410300');
INSERT INTO `address` VALUES ('410381', '偃师市', '410300');
INSERT INTO `address` VALUES ('410400', '平顶山市', '410000');
INSERT INTO `address` VALUES ('410402', '新华区', '410400');
INSERT INTO `address` VALUES ('410403', '卫东区', '410400');
INSERT INTO `address` VALUES ('410404', '石龙区', '410400');
INSERT INTO `address` VALUES ('410411', '湛河区', '410400');
INSERT INTO `address` VALUES ('410421', '宝丰县', '410400');
INSERT INTO `address` VALUES ('410422', '叶县', '410400');
INSERT INTO `address` VALUES ('410423', '鲁山县', '410400');
INSERT INTO `address` VALUES ('410425', '郏县', '410400');
INSERT INTO `address` VALUES ('410481', '舞钢市', '410400');
INSERT INTO `address` VALUES ('410482', '汝州市', '410400');
INSERT INTO `address` VALUES ('410500', '安阳市', '410000');
INSERT INTO `address` VALUES ('410502', '文峰区', '410500');
INSERT INTO `address` VALUES ('410503', '北关区', '410500');
INSERT INTO `address` VALUES ('410505', '殷都区', '410500');
INSERT INTO `address` VALUES ('410506', '龙安区', '410500');
INSERT INTO `address` VALUES ('410522', '安阳县', '410500');
INSERT INTO `address` VALUES ('410523', '汤阴县', '410500');
INSERT INTO `address` VALUES ('410526', '滑县', '410500');
INSERT INTO `address` VALUES ('410527', '内黄县', '410500');
INSERT INTO `address` VALUES ('410581', '林州市', '410500');
INSERT INTO `address` VALUES ('410600', '鹤壁市', '410000');
INSERT INTO `address` VALUES ('410602', '鹤山区', '410600');
INSERT INTO `address` VALUES ('410603', '山城区', '410600');
INSERT INTO `address` VALUES ('410611', '淇滨区', '410600');
INSERT INTO `address` VALUES ('410621', '浚县', '410600');
INSERT INTO `address` VALUES ('410622', '淇县', '410600');
INSERT INTO `address` VALUES ('410700', '新乡市', '410000');
INSERT INTO `address` VALUES ('410702', '红旗区', '410700');
INSERT INTO `address` VALUES ('410703', '卫滨区', '410700');
INSERT INTO `address` VALUES ('410704', '凤泉区', '410700');
INSERT INTO `address` VALUES ('410711', '牧野区', '410700');
INSERT INTO `address` VALUES ('410721', '新乡县', '410700');
INSERT INTO `address` VALUES ('410724', '获嘉县', '410700');
INSERT INTO `address` VALUES ('410725', '原阳县', '410700');
INSERT INTO `address` VALUES ('410726', '延津县', '410700');
INSERT INTO `address` VALUES ('410727', '封丘县', '410700');
INSERT INTO `address` VALUES ('410728', '长垣县', '410700');
INSERT INTO `address` VALUES ('410781', '卫辉市', '410700');
INSERT INTO `address` VALUES ('410782', '辉县市', '410700');
INSERT INTO `address` VALUES ('410800', '焦作市', '410000');
INSERT INTO `address` VALUES ('410802', '解放区', '410800');
INSERT INTO `address` VALUES ('410803', '中站区', '410800');
INSERT INTO `address` VALUES ('410804', '马村区', '410800');
INSERT INTO `address` VALUES ('410811', '山阳区', '410800');
INSERT INTO `address` VALUES ('410821', '修武县', '410800');
INSERT INTO `address` VALUES ('410822', '博爱县', '410800');
INSERT INTO `address` VALUES ('410823', '武陟县', '410800');
INSERT INTO `address` VALUES ('410825', '温县', '410800');
INSERT INTO `address` VALUES ('410882', '沁阳市', '410800');
INSERT INTO `address` VALUES ('410883', '孟州市', '410800');
INSERT INTO `address` VALUES ('410900', '濮阳市', '410000');
INSERT INTO `address` VALUES ('410902', '华龙区', '410900');
INSERT INTO `address` VALUES ('410922', '清丰县', '410900');
INSERT INTO `address` VALUES ('410923', '南乐县', '410900');
INSERT INTO `address` VALUES ('410926', '范县', '410900');
INSERT INTO `address` VALUES ('410927', '台前县', '410900');
INSERT INTO `address` VALUES ('410928', '濮阳县', '410900');
INSERT INTO `address` VALUES ('411000', '许昌市', '410000');
INSERT INTO `address` VALUES ('411002', '魏都区', '411000');
INSERT INTO `address` VALUES ('411023', '许昌县', '411000');
INSERT INTO `address` VALUES ('411024', '鄢陵县', '411000');
INSERT INTO `address` VALUES ('411025', '襄城县', '411000');
INSERT INTO `address` VALUES ('411081', '禹州市', '411000');
INSERT INTO `address` VALUES ('411082', '长葛市', '411000');
INSERT INTO `address` VALUES ('411100', '漯河市', '410000');
INSERT INTO `address` VALUES ('411102', '源汇区', '411100');
INSERT INTO `address` VALUES ('411103', '郾城区', '411100');
INSERT INTO `address` VALUES ('411104', '召陵区', '411100');
INSERT INTO `address` VALUES ('411121', '舞阳县', '411100');
INSERT INTO `address` VALUES ('411122', '临颍县', '411100');
INSERT INTO `address` VALUES ('411200', '三门峡市', '410000');
INSERT INTO `address` VALUES ('411202', '湖滨区', '411200');
INSERT INTO `address` VALUES ('411221', '渑池县', '411200');
INSERT INTO `address` VALUES ('411222', '陕县', '411200');
INSERT INTO `address` VALUES ('411224', '卢氏县', '411200');
INSERT INTO `address` VALUES ('411281', '义马市', '411200');
INSERT INTO `address` VALUES ('411282', '灵宝市', '411200');
INSERT INTO `address` VALUES ('411300', '南阳市', '410000');
INSERT INTO `address` VALUES ('411302', '宛城区', '411300');
INSERT INTO `address` VALUES ('411303', '卧龙区', '411300');
INSERT INTO `address` VALUES ('411321', '南召县', '411300');
INSERT INTO `address` VALUES ('411322', '方城县', '411300');
INSERT INTO `address` VALUES ('411323', '西峡县', '411300');
INSERT INTO `address` VALUES ('411324', '镇平县', '411300');
INSERT INTO `address` VALUES ('411325', '内乡县', '411300');
INSERT INTO `address` VALUES ('411326', '淅川县', '411300');
INSERT INTO `address` VALUES ('411327', '社旗县', '411300');
INSERT INTO `address` VALUES ('411328', '唐河县', '411300');
INSERT INTO `address` VALUES ('411329', '新野县', '411300');
INSERT INTO `address` VALUES ('411330', '桐柏县', '411300');
INSERT INTO `address` VALUES ('411381', '邓州市', '411300');
INSERT INTO `address` VALUES ('411400', '商丘市', '410000');
INSERT INTO `address` VALUES ('411402', '梁园区', '411400');
INSERT INTO `address` VALUES ('411403', '睢阳区', '411400');
INSERT INTO `address` VALUES ('411421', '民权县', '411400');
INSERT INTO `address` VALUES ('411422', '睢县', '411400');
INSERT INTO `address` VALUES ('411423', '宁陵县', '411400');
INSERT INTO `address` VALUES ('411424', '柘城县', '411400');
INSERT INTO `address` VALUES ('411425', '虞城县', '411400');
INSERT INTO `address` VALUES ('411426', '夏邑县', '411400');
INSERT INTO `address` VALUES ('411481', '永城市', '411400');
INSERT INTO `address` VALUES ('411500', '信阳市', '410000');
INSERT INTO `address` VALUES ('411502', '浉河区', '411500');
INSERT INTO `address` VALUES ('411503', '平桥区', '411500');
INSERT INTO `address` VALUES ('411521', '罗山县', '411500');
INSERT INTO `address` VALUES ('411522', '光山县', '411500');
INSERT INTO `address` VALUES ('411523', '新县', '411500');
INSERT INTO `address` VALUES ('411524', '商城县', '411500');
INSERT INTO `address` VALUES ('411525', '固始县', '411500');
INSERT INTO `address` VALUES ('411526', '潢川县', '411500');
INSERT INTO `address` VALUES ('411527', '淮滨县', '411500');
INSERT INTO `address` VALUES ('411528', '息县', '411500');
INSERT INTO `address` VALUES ('411600', '周口市', '410000');
INSERT INTO `address` VALUES ('411602', '川汇区', '411600');
INSERT INTO `address` VALUES ('411621', '扶沟县', '411600');
INSERT INTO `address` VALUES ('411622', '西华县', '411600');
INSERT INTO `address` VALUES ('411623', '商水县', '411600');
INSERT INTO `address` VALUES ('411624', '沈丘县', '411600');
INSERT INTO `address` VALUES ('411625', '郸城县', '411600');
INSERT INTO `address` VALUES ('411626', '淮阳县', '411600');
INSERT INTO `address` VALUES ('411627', '太康县', '411600');
INSERT INTO `address` VALUES ('411628', '鹿邑县', '411600');
INSERT INTO `address` VALUES ('411681', '项城市', '411600');
INSERT INTO `address` VALUES ('411700', '驻马店市', '410000');
INSERT INTO `address` VALUES ('411702', '驿城区', '411700');
INSERT INTO `address` VALUES ('411721', '西平县', '411700');
INSERT INTO `address` VALUES ('411722', '上蔡县', '411700');
INSERT INTO `address` VALUES ('411723', '平舆县', '411700');
INSERT INTO `address` VALUES ('411724', '正阳县', '411700');
INSERT INTO `address` VALUES ('411725', '确山县', '411700');
INSERT INTO `address` VALUES ('411726', '泌阳县', '411700');
INSERT INTO `address` VALUES ('411727', '汝南县', '411700');
INSERT INTO `address` VALUES ('411728', '遂平县', '411700');
INSERT INTO `address` VALUES ('411729', '新蔡县', '411700');
INSERT INTO `address` VALUES ('419000', '直辖县级', '410000');
INSERT INTO `address` VALUES ('419001', '济源市', '419000');
INSERT INTO `address` VALUES ('420000', '湖北省', '420000');
INSERT INTO `address` VALUES ('420100', '武汉市', '420000');
INSERT INTO `address` VALUES ('420102', '江岸区', '420100');
INSERT INTO `address` VALUES ('420103', '江汉区', '420100');
INSERT INTO `address` VALUES ('420104', '硚口区', '420100');
INSERT INTO `address` VALUES ('420105', '汉阳区', '420100');
INSERT INTO `address` VALUES ('420106', '武昌区', '420100');
INSERT INTO `address` VALUES ('420107', '青山区', '420100');
INSERT INTO `address` VALUES ('420111', '洪山区', '420100');
INSERT INTO `address` VALUES ('420112', '东西湖区', '420100');
INSERT INTO `address` VALUES ('420113', '汉南区', '420100');
INSERT INTO `address` VALUES ('420114', '蔡甸区', '420100');
INSERT INTO `address` VALUES ('420115', '江夏区', '420100');
INSERT INTO `address` VALUES ('420116', '黄陂区', '420100');
INSERT INTO `address` VALUES ('420117', '新洲区', '420100');
INSERT INTO `address` VALUES ('420200', '黄石市', '420000');
INSERT INTO `address` VALUES ('420202', '黄石港区', '420200');
INSERT INTO `address` VALUES ('420203', '西塞山区', '420200');
INSERT INTO `address` VALUES ('420204', '下陆区', '420200');
INSERT INTO `address` VALUES ('420205', '铁山区', '420200');
INSERT INTO `address` VALUES ('420222', '阳新县', '420200');
INSERT INTO `address` VALUES ('420281', '大冶市', '420200');
INSERT INTO `address` VALUES ('420300', '十堰市', '420000');
INSERT INTO `address` VALUES ('420302', '茅箭区', '420300');
INSERT INTO `address` VALUES ('420303', '张湾区', '420300');
INSERT INTO `address` VALUES ('420304', '郧阳区', '420300');
INSERT INTO `address` VALUES ('420322', '郧西县', '420300');
INSERT INTO `address` VALUES ('420323', '竹山县', '420300');
INSERT INTO `address` VALUES ('420324', '竹溪县', '420300');
INSERT INTO `address` VALUES ('420325', '房县', '420300');
INSERT INTO `address` VALUES ('420381', '丹江口市', '420300');
INSERT INTO `address` VALUES ('420500', '宜昌市', '420000');
INSERT INTO `address` VALUES ('420502', '西陵区', '420500');
INSERT INTO `address` VALUES ('420503', '伍家岗区', '420500');
INSERT INTO `address` VALUES ('420504', '点军区', '420500');
INSERT INTO `address` VALUES ('420505', '猇亭区', '420500');
INSERT INTO `address` VALUES ('420506', '夷陵区', '420500');
INSERT INTO `address` VALUES ('420525', '远安县', '420500');
INSERT INTO `address` VALUES ('420526', '兴山县', '420500');
INSERT INTO `address` VALUES ('420527', '秭归县', '420500');
INSERT INTO `address` VALUES ('420528', '长阳土家族自治县', '420500');
INSERT INTO `address` VALUES ('420529', '五峰土家族自治县', '420500');
INSERT INTO `address` VALUES ('420581', '宜都市', '420500');
INSERT INTO `address` VALUES ('420582', '当阳市', '420500');
INSERT INTO `address` VALUES ('420583', '枝江市', '420500');
INSERT INTO `address` VALUES ('420600', '襄阳市', '420000');
INSERT INTO `address` VALUES ('420602', '襄城区', '420600');
INSERT INTO `address` VALUES ('420606', '樊城区', '420600');
INSERT INTO `address` VALUES ('420607', '襄州区', '420600');
INSERT INTO `address` VALUES ('420624', '南漳县', '420600');
INSERT INTO `address` VALUES ('420625', '谷城县', '420600');
INSERT INTO `address` VALUES ('420626', '保康县', '420600');
INSERT INTO `address` VALUES ('420682', '老河口市', '420600');
INSERT INTO `address` VALUES ('420683', '枣阳市', '420600');
INSERT INTO `address` VALUES ('420684', '宜城市', '420600');
INSERT INTO `address` VALUES ('420700', '鄂州市', '420000');
INSERT INTO `address` VALUES ('420702', '梁子湖区', '420700');
INSERT INTO `address` VALUES ('420703', '华容区', '420700');
INSERT INTO `address` VALUES ('420704', '鄂城区', '420700');
INSERT INTO `address` VALUES ('420800', '荆门市', '420000');
INSERT INTO `address` VALUES ('420802', '东宝区', '420800');
INSERT INTO `address` VALUES ('420804', '掇刀区', '420800');
INSERT INTO `address` VALUES ('420821', '京山县', '420800');
INSERT INTO `address` VALUES ('420822', '沙洋县', '420800');
INSERT INTO `address` VALUES ('420881', '钟祥市', '420800');
INSERT INTO `address` VALUES ('420900', '孝感市', '420000');
INSERT INTO `address` VALUES ('420902', '孝南区', '420900');
INSERT INTO `address` VALUES ('420921', '孝昌县', '420900');
INSERT INTO `address` VALUES ('420922', '大悟县', '420900');
INSERT INTO `address` VALUES ('420923', '云梦县', '420900');
INSERT INTO `address` VALUES ('420981', '应城市', '420900');
INSERT INTO `address` VALUES ('420982', '安陆市', '420900');
INSERT INTO `address` VALUES ('420984', '汉川市', '420900');
INSERT INTO `address` VALUES ('421000', '荆州市', '420000');
INSERT INTO `address` VALUES ('421002', '沙市区', '421000');
INSERT INTO `address` VALUES ('421003', '荆州区', '421000');
INSERT INTO `address` VALUES ('421022', '公安县', '421000');
INSERT INTO `address` VALUES ('421023', '监利县', '421000');
INSERT INTO `address` VALUES ('421024', '江陵县', '421000');
INSERT INTO `address` VALUES ('421081', '石首市', '421000');
INSERT INTO `address` VALUES ('421083', '洪湖市', '421000');
INSERT INTO `address` VALUES ('421087', '松滋市', '421000');
INSERT INTO `address` VALUES ('421100', '黄冈市', '420000');
INSERT INTO `address` VALUES ('421102', '黄州区', '421100');
INSERT INTO `address` VALUES ('421121', '团风县', '421100');
INSERT INTO `address` VALUES ('421122', '红安县', '421100');
INSERT INTO `address` VALUES ('421123', '罗田县', '421100');
INSERT INTO `address` VALUES ('421124', '英山县', '421100');
INSERT INTO `address` VALUES ('421125', '浠水县', '421100');
INSERT INTO `address` VALUES ('421126', '蕲春县', '421100');
INSERT INTO `address` VALUES ('421127', '黄梅县', '421100');
INSERT INTO `address` VALUES ('421181', '麻城市', '421100');
INSERT INTO `address` VALUES ('421182', '武穴市', '421100');
INSERT INTO `address` VALUES ('421200', '咸宁市', '420000');
INSERT INTO `address` VALUES ('421202', '咸安区', '421200');
INSERT INTO `address` VALUES ('421221', '嘉鱼县', '421200');
INSERT INTO `address` VALUES ('421222', '通城县', '421200');
INSERT INTO `address` VALUES ('421223', '崇阳县', '421200');
INSERT INTO `address` VALUES ('421224', '通山县', '421200');
INSERT INTO `address` VALUES ('421281', '赤壁市', '421200');
INSERT INTO `address` VALUES ('421300', '随州市', '420000');
INSERT INTO `address` VALUES ('421303', '曾都区', '421300');
INSERT INTO `address` VALUES ('421321', '随县', '421300');
INSERT INTO `address` VALUES ('421381', '广水市', '421300');
INSERT INTO `address` VALUES ('422800', '恩施土家族苗族自治州', '420000');
INSERT INTO `address` VALUES ('422801', '恩施市', '422800');
INSERT INTO `address` VALUES ('422802', '利川市', '422800');
INSERT INTO `address` VALUES ('422822', '建始县', '422800');
INSERT INTO `address` VALUES ('422823', '巴东县', '422800');
INSERT INTO `address` VALUES ('422825', '宣恩县', '422800');
INSERT INTO `address` VALUES ('422826', '咸丰县', '422800');
INSERT INTO `address` VALUES ('422827', '来凤县', '422800');
INSERT INTO `address` VALUES ('422828', '鹤峰县', '422800');
INSERT INTO `address` VALUES ('429000', '直辖县级', '420000');
INSERT INTO `address` VALUES ('429004', '仙桃市', '429000');
INSERT INTO `address` VALUES ('429005', '潜江市', '429000');
INSERT INTO `address` VALUES ('429006', '天门市', '429000');
INSERT INTO `address` VALUES ('429021', '神农架林区', '429000');
INSERT INTO `address` VALUES ('430000', '湖南省', '430000');
INSERT INTO `address` VALUES ('430100', '长沙市', '430000');
INSERT INTO `address` VALUES ('430102', '芙蓉区', '430100');
INSERT INTO `address` VALUES ('430103', '天心区', '430100');
INSERT INTO `address` VALUES ('430104', '岳麓区', '430100');
INSERT INTO `address` VALUES ('430105', '开福区', '430100');
INSERT INTO `address` VALUES ('430111', '雨花区', '430100');
INSERT INTO `address` VALUES ('430112', '望城区', '430100');
INSERT INTO `address` VALUES ('430121', '长沙县', '430100');
INSERT INTO `address` VALUES ('430124', '宁乡县', '430100');
INSERT INTO `address` VALUES ('430181', '浏阳市', '430100');
INSERT INTO `address` VALUES ('430200', '株洲市', '430000');
INSERT INTO `address` VALUES ('430202', '荷塘区', '430200');
INSERT INTO `address` VALUES ('430203', '芦淞区', '430200');
INSERT INTO `address` VALUES ('430204', '石峰区', '430200');
INSERT INTO `address` VALUES ('430211', '天元区', '430200');
INSERT INTO `address` VALUES ('430221', '株洲县', '430200');
INSERT INTO `address` VALUES ('430223', '攸县', '430200');
INSERT INTO `address` VALUES ('430224', '茶陵县', '430200');
INSERT INTO `address` VALUES ('430225', '炎陵县', '430200');
INSERT INTO `address` VALUES ('430281', '醴陵市', '430200');
INSERT INTO `address` VALUES ('430300', '湘潭市', '430000');
INSERT INTO `address` VALUES ('430302', '雨湖区', '430300');
INSERT INTO `address` VALUES ('430304', '岳塘区', '430300');
INSERT INTO `address` VALUES ('430321', '湘潭县', '430300');
INSERT INTO `address` VALUES ('430381', '湘乡市', '430300');
INSERT INTO `address` VALUES ('430382', '韶山市', '430300');
INSERT INTO `address` VALUES ('430400', '衡阳市', '430000');
INSERT INTO `address` VALUES ('430405', '珠晖区', '430400');
INSERT INTO `address` VALUES ('430406', '雁峰区', '430400');
INSERT INTO `address` VALUES ('430407', '石鼓区', '430400');
INSERT INTO `address` VALUES ('430408', '蒸湘区', '430400');
INSERT INTO `address` VALUES ('430412', '南岳区', '430400');
INSERT INTO `address` VALUES ('430421', '衡阳县', '430400');
INSERT INTO `address` VALUES ('430422', '衡南县', '430400');
INSERT INTO `address` VALUES ('430423', '衡山县', '430400');
INSERT INTO `address` VALUES ('430424', '衡东县', '430400');
INSERT INTO `address` VALUES ('430426', '祁东县', '430400');
INSERT INTO `address` VALUES ('430481', '耒阳市', '430400');
INSERT INTO `address` VALUES ('430482', '常宁市', '430400');
INSERT INTO `address` VALUES ('430500', '邵阳市', '430000');
INSERT INTO `address` VALUES ('430502', '双清区', '430500');
INSERT INTO `address` VALUES ('430503', '大祥区', '430500');
INSERT INTO `address` VALUES ('430511', '北塔区', '430500');
INSERT INTO `address` VALUES ('430521', '邵东县', '430500');
INSERT INTO `address` VALUES ('430522', '新邵县', '430500');
INSERT INTO `address` VALUES ('430523', '邵阳县', '430500');
INSERT INTO `address` VALUES ('430524', '隆回县', '430500');
INSERT INTO `address` VALUES ('430525', '洞口县', '430500');
INSERT INTO `address` VALUES ('430527', '绥宁县', '430500');
INSERT INTO `address` VALUES ('430528', '新宁县', '430500');
INSERT INTO `address` VALUES ('430529', '城步苗族自治县', '430500');
INSERT INTO `address` VALUES ('430581', '武冈市', '430500');
INSERT INTO `address` VALUES ('430600', '岳阳市', '430000');
INSERT INTO `address` VALUES ('430602', '岳阳楼区', '430600');
INSERT INTO `address` VALUES ('430603', '云溪区', '430600');
INSERT INTO `address` VALUES ('430611', '君山区', '430600');
INSERT INTO `address` VALUES ('430621', '岳阳县', '430600');
INSERT INTO `address` VALUES ('430623', '华容县', '430600');
INSERT INTO `address` VALUES ('430624', '湘阴县', '430600');
INSERT INTO `address` VALUES ('430626', '平江县', '430600');
INSERT INTO `address` VALUES ('430681', '汨罗市', '430600');
INSERT INTO `address` VALUES ('430682', '临湘市', '430600');
INSERT INTO `address` VALUES ('430700', '常德市', '430000');
INSERT INTO `address` VALUES ('430702', '武陵区', '430700');
INSERT INTO `address` VALUES ('430703', '鼎城区', '430700');
INSERT INTO `address` VALUES ('430721', '安乡县', '430700');
INSERT INTO `address` VALUES ('430722', '汉寿县', '430700');
INSERT INTO `address` VALUES ('430723', '澧县', '430700');
INSERT INTO `address` VALUES ('430724', '临澧县', '430700');
INSERT INTO `address` VALUES ('430725', '桃源县', '430700');
INSERT INTO `address` VALUES ('430726', '石门县', '430700');
INSERT INTO `address` VALUES ('430781', '津市市', '430700');
INSERT INTO `address` VALUES ('430800', '张家界市', '430000');
INSERT INTO `address` VALUES ('430802', '永定区', '430800');
INSERT INTO `address` VALUES ('430811', '武陵源区', '430800');
INSERT INTO `address` VALUES ('430821', '慈利县', '430800');
INSERT INTO `address` VALUES ('430822', '桑植县', '430800');
INSERT INTO `address` VALUES ('430900', '益阳市', '430000');
INSERT INTO `address` VALUES ('430902', '资阳区', '430900');
INSERT INTO `address` VALUES ('430903', '赫山区', '430900');
INSERT INTO `address` VALUES ('430921', '南县', '430900');
INSERT INTO `address` VALUES ('430922', '桃江县', '430900');
INSERT INTO `address` VALUES ('430923', '安化县', '430900');
INSERT INTO `address` VALUES ('430981', '沅江市', '430900');
INSERT INTO `address` VALUES ('431000', '郴州市', '430000');
INSERT INTO `address` VALUES ('431002', '北湖区', '431000');
INSERT INTO `address` VALUES ('431003', '苏仙区', '431000');
INSERT INTO `address` VALUES ('431021', '桂阳县', '431000');
INSERT INTO `address` VALUES ('431022', '宜章县', '431000');
INSERT INTO `address` VALUES ('431023', '永兴县', '431000');
INSERT INTO `address` VALUES ('431024', '嘉禾县', '431000');
INSERT INTO `address` VALUES ('431025', '临武县', '431000');
INSERT INTO `address` VALUES ('431026', '汝城县', '431000');
INSERT INTO `address` VALUES ('431027', '桂东县', '431000');
INSERT INTO `address` VALUES ('431028', '安仁县', '431000');
INSERT INTO `address` VALUES ('431081', '资兴市', '431000');
INSERT INTO `address` VALUES ('431100', '永州市', '430000');
INSERT INTO `address` VALUES ('431102', '零陵区', '431100');
INSERT INTO `address` VALUES ('431103', '冷水滩区', '431100');
INSERT INTO `address` VALUES ('431121', '祁阳县', '431100');
INSERT INTO `address` VALUES ('431122', '东安县', '431100');
INSERT INTO `address` VALUES ('431123', '双牌县', '431100');
INSERT INTO `address` VALUES ('431124', '道县', '431100');
INSERT INTO `address` VALUES ('431125', '江永县', '431100');
INSERT INTO `address` VALUES ('431126', '宁远县', '431100');
INSERT INTO `address` VALUES ('431127', '蓝山县', '431100');
INSERT INTO `address` VALUES ('431128', '新田县', '431100');
INSERT INTO `address` VALUES ('431129', '江华瑶族自治县', '431100');
INSERT INTO `address` VALUES ('431200', '怀化市', '430000');
INSERT INTO `address` VALUES ('431202', '鹤城区', '431200');
INSERT INTO `address` VALUES ('431221', '中方县', '431200');
INSERT INTO `address` VALUES ('431222', '沅陵县', '431200');
INSERT INTO `address` VALUES ('431223', '辰溪县', '431200');
INSERT INTO `address` VALUES ('431224', '溆浦县', '431200');
INSERT INTO `address` VALUES ('431225', '会同县', '431200');
INSERT INTO `address` VALUES ('431226', '麻阳苗族自治县', '431200');
INSERT INTO `address` VALUES ('431227', '新晃侗族自治县', '431200');
INSERT INTO `address` VALUES ('431228', '芷江侗族自治县', '431200');
INSERT INTO `address` VALUES ('431229', '靖州苗族侗族自治县', '431200');
INSERT INTO `address` VALUES ('431230', '通道侗族自治县', '431200');
INSERT INTO `address` VALUES ('431281', '洪江市', '431200');
INSERT INTO `address` VALUES ('431300', '娄底市', '430000');
INSERT INTO `address` VALUES ('431302', '娄星区', '431300');
INSERT INTO `address` VALUES ('431321', '双峰县', '431300');
INSERT INTO `address` VALUES ('431322', '新化县', '431300');
INSERT INTO `address` VALUES ('431381', '冷水江市', '431300');
INSERT INTO `address` VALUES ('431382', '涟源市', '431300');
INSERT INTO `address` VALUES ('433100', '湘西土家族苗族自治州', '430000');
INSERT INTO `address` VALUES ('433101', '吉首市', '433100');
INSERT INTO `address` VALUES ('433122', '泸溪县', '433100');
INSERT INTO `address` VALUES ('433123', '凤凰县', '433100');
INSERT INTO `address` VALUES ('433124', '花垣县', '433100');
INSERT INTO `address` VALUES ('433125', '保靖县', '433100');
INSERT INTO `address` VALUES ('433126', '古丈县', '433100');
INSERT INTO `address` VALUES ('433127', '永顺县', '433100');
INSERT INTO `address` VALUES ('433130', '龙山县', '433100');
INSERT INTO `address` VALUES ('440000', '广东省', '440000');
INSERT INTO `address` VALUES ('440100', '广州市', '440000');
INSERT INTO `address` VALUES ('440103', '荔湾区', '440100');
INSERT INTO `address` VALUES ('440104', '越秀区', '440100');
INSERT INTO `address` VALUES ('440105', '海珠区', '440100');
INSERT INTO `address` VALUES ('440106', '天河区', '440100');
INSERT INTO `address` VALUES ('440111', '白云区', '440100');
INSERT INTO `address` VALUES ('440112', '黄埔区', '440100');
INSERT INTO `address` VALUES ('440113', '番禺区', '440100');
INSERT INTO `address` VALUES ('440114', '花都区', '440100');
INSERT INTO `address` VALUES ('440115', '南沙区', '440100');
INSERT INTO `address` VALUES ('440117', '从化区', '440100');
INSERT INTO `address` VALUES ('440118', '增城区', '440100');
INSERT INTO `address` VALUES ('440200', '韶关市', '440000');
INSERT INTO `address` VALUES ('440203', '武江区', '440200');
INSERT INTO `address` VALUES ('440204', '浈江区', '440200');
INSERT INTO `address` VALUES ('440205', '曲江区', '440200');
INSERT INTO `address` VALUES ('440222', '始兴县', '440200');
INSERT INTO `address` VALUES ('440224', '仁化县', '440200');
INSERT INTO `address` VALUES ('440229', '翁源县', '440200');
INSERT INTO `address` VALUES ('440232', '乳源瑶族自治县', '440200');
INSERT INTO `address` VALUES ('440233', '新丰县', '440200');
INSERT INTO `address` VALUES ('440281', '乐昌市', '440200');
INSERT INTO `address` VALUES ('440282', '南雄市', '440200');
INSERT INTO `address` VALUES ('440300', '深圳市', '440000');
INSERT INTO `address` VALUES ('440303', '罗湖区', '440300');
INSERT INTO `address` VALUES ('440304', '福田区', '440300');
INSERT INTO `address` VALUES ('440305', '南山区', '440300');
INSERT INTO `address` VALUES ('440306', '宝安区', '440300');
INSERT INTO `address` VALUES ('440307', '龙岗区', '440300');
INSERT INTO `address` VALUES ('440308', '盐田区', '440300');
INSERT INTO `address` VALUES ('440309', '光明新区', '440300');
INSERT INTO `address` VALUES ('440310', '坪山新区', '440300');
INSERT INTO `address` VALUES ('440311', '大鹏新区', '440300');
INSERT INTO `address` VALUES ('440312', '龙华新区', '440300');
INSERT INTO `address` VALUES ('440400', '珠海市', '440000');
INSERT INTO `address` VALUES ('440402', '香洲区', '440400');
INSERT INTO `address` VALUES ('440403', '斗门区', '440400');
INSERT INTO `address` VALUES ('440404', '金湾区', '440400');
INSERT INTO `address` VALUES ('440500', '汕头市', '440000');
INSERT INTO `address` VALUES ('440507', '龙湖区', '440500');
INSERT INTO `address` VALUES ('440511', '金平区', '440500');
INSERT INTO `address` VALUES ('440512', '濠江区', '440500');
INSERT INTO `address` VALUES ('440513', '潮阳区', '440500');
INSERT INTO `address` VALUES ('440514', '潮南区', '440500');
INSERT INTO `address` VALUES ('440515', '澄海区', '440500');
INSERT INTO `address` VALUES ('440523', '南澳县', '440500');
INSERT INTO `address` VALUES ('440600', '佛山市', '440000');
INSERT INTO `address` VALUES ('440604', '禅城区', '440600');
INSERT INTO `address` VALUES ('440605', '南海区', '440600');
INSERT INTO `address` VALUES ('440606', '顺德区', '440600');
INSERT INTO `address` VALUES ('440607', '三水区', '440600');
INSERT INTO `address` VALUES ('440608', '高明区', '440600');
INSERT INTO `address` VALUES ('440700', '江门市', '440000');
INSERT INTO `address` VALUES ('440703', '蓬江区', '440700');
INSERT INTO `address` VALUES ('440704', '江海区', '440700');
INSERT INTO `address` VALUES ('440705', '新会区', '440700');
INSERT INTO `address` VALUES ('440781', '台山市', '440700');
INSERT INTO `address` VALUES ('440783', '开平市', '440700');
INSERT INTO `address` VALUES ('440784', '鹤山市', '440700');
INSERT INTO `address` VALUES ('440785', '恩平市', '440700');
INSERT INTO `address` VALUES ('440800', '湛江市', '440000');
INSERT INTO `address` VALUES ('440802', '赤坎区', '440800');
INSERT INTO `address` VALUES ('440803', '霞山区', '440800');
INSERT INTO `address` VALUES ('440804', '坡头区', '440800');
INSERT INTO `address` VALUES ('440811', '麻章区', '440800');
INSERT INTO `address` VALUES ('440823', '遂溪县', '440800');
INSERT INTO `address` VALUES ('440825', '徐闻县', '440800');
INSERT INTO `address` VALUES ('440881', '廉江市', '440800');
INSERT INTO `address` VALUES ('440882', '雷州市', '440800');
INSERT INTO `address` VALUES ('440883', '吴川市', '440800');
INSERT INTO `address` VALUES ('440900', '茂名市', '440000');
INSERT INTO `address` VALUES ('440902', '茂南区', '440900');
INSERT INTO `address` VALUES ('440904', '电白区', '440900');
INSERT INTO `address` VALUES ('440981', '高州市', '440900');
INSERT INTO `address` VALUES ('440982', '化州市', '440900');
INSERT INTO `address` VALUES ('440983', '信宜市', '440900');
INSERT INTO `address` VALUES ('441200', '肇庆市', '440000');
INSERT INTO `address` VALUES ('441202', '端州区', '441200');
INSERT INTO `address` VALUES ('441203', '鼎湖区', '441200');
INSERT INTO `address` VALUES ('441223', '广宁县', '441200');
INSERT INTO `address` VALUES ('441224', '怀集县', '441200');
INSERT INTO `address` VALUES ('441225', '封开县', '441200');
INSERT INTO `address` VALUES ('441226', '德庆县', '441200');
INSERT INTO `address` VALUES ('441283', '高要市', '441200');
INSERT INTO `address` VALUES ('441284', '四会市', '441200');
INSERT INTO `address` VALUES ('441300', '惠州市', '440000');
INSERT INTO `address` VALUES ('441302', '惠城区', '441300');
INSERT INTO `address` VALUES ('441303', '惠阳区', '441300');
INSERT INTO `address` VALUES ('441322', '博罗县', '441300');
INSERT INTO `address` VALUES ('441323', '惠东县', '441300');
INSERT INTO `address` VALUES ('441324', '龙门县', '441300');
INSERT INTO `address` VALUES ('441400', '梅州市', '440000');
INSERT INTO `address` VALUES ('441402', '梅江区', '441400');
INSERT INTO `address` VALUES ('441403', '梅县区', '441400');
INSERT INTO `address` VALUES ('441422', '大埔县', '441400');
INSERT INTO `address` VALUES ('441423', '丰顺县', '441400');
INSERT INTO `address` VALUES ('441424', '五华县', '441400');
INSERT INTO `address` VALUES ('441426', '平远县', '441400');
INSERT INTO `address` VALUES ('441427', '蕉岭县', '441400');
INSERT INTO `address` VALUES ('441481', '兴宁市', '441400');
INSERT INTO `address` VALUES ('441500', '汕尾市', '440000');
INSERT INTO `address` VALUES ('441502', '城区', '441500');
INSERT INTO `address` VALUES ('441521', '海丰县', '441500');
INSERT INTO `address` VALUES ('441523', '陆河县', '441500');
INSERT INTO `address` VALUES ('441581', '陆丰市', '441500');
INSERT INTO `address` VALUES ('441600', '河源市', '440000');
INSERT INTO `address` VALUES ('441602', '源城区', '441600');
INSERT INTO `address` VALUES ('441621', '紫金县', '441600');
INSERT INTO `address` VALUES ('441622', '龙川县', '441600');
INSERT INTO `address` VALUES ('441623', '连平县', '441600');
INSERT INTO `address` VALUES ('441624', '和平县', '441600');
INSERT INTO `address` VALUES ('441625', '东源县', '441600');
INSERT INTO `address` VALUES ('441700', '阳江市', '440000');
INSERT INTO `address` VALUES ('441702', '江城区', '441700');
INSERT INTO `address` VALUES ('441704', '阳东区', '441700');
INSERT INTO `address` VALUES ('441721', '阳西县', '441700');
INSERT INTO `address` VALUES ('441781', '阳春市', '441700');
INSERT INTO `address` VALUES ('441800', '清远市', '440000');
INSERT INTO `address` VALUES ('441802', '清城区', '441800');
INSERT INTO `address` VALUES ('441803', '清新区', '441800');
INSERT INTO `address` VALUES ('441821', '佛冈县', '441800');
INSERT INTO `address` VALUES ('441823', '阳山县', '441800');
INSERT INTO `address` VALUES ('441825', '连山壮族瑶族自治县', '441800');
INSERT INTO `address` VALUES ('441826', '连南瑶族自治县', '441800');
INSERT INTO `address` VALUES ('441881', '英德市', '441800');
INSERT INTO `address` VALUES ('441882', '连州市', '441800');
INSERT INTO `address` VALUES ('441900', '东莞市', '440000');
INSERT INTO `address` VALUES ('441901', '莞城区', '441900');
INSERT INTO `address` VALUES ('441902', '南城区', '441900');
INSERT INTO `address` VALUES ('441904', '万江区', '441900');
INSERT INTO `address` VALUES ('441905', '石碣镇', '441900');
INSERT INTO `address` VALUES ('441906', '石龙镇', '441900');
INSERT INTO `address` VALUES ('441907', '茶山镇', '441900');
INSERT INTO `address` VALUES ('441908', '石排镇', '441900');
INSERT INTO `address` VALUES ('441909', '企石镇', '441900');
INSERT INTO `address` VALUES ('441910', '横沥镇', '441900');
INSERT INTO `address` VALUES ('441911', '桥头镇', '441900');
INSERT INTO `address` VALUES ('441912', '谢岗镇', '441900');
INSERT INTO `address` VALUES ('441913', '东坑镇', '441900');
INSERT INTO `address` VALUES ('441914', '常平镇', '441900');
INSERT INTO `address` VALUES ('441915', '寮步镇', '441900');
INSERT INTO `address` VALUES ('441916', '大朗镇', '441900');
INSERT INTO `address` VALUES ('441917', '麻涌镇', '441900');
INSERT INTO `address` VALUES ('441918', '中堂镇', '441900');
INSERT INTO `address` VALUES ('441919', '高埗镇', '441900');
INSERT INTO `address` VALUES ('441920', '樟木头镇', '441900');
INSERT INTO `address` VALUES ('441921', '大岭山镇', '441900');
INSERT INTO `address` VALUES ('441922', '望牛墩镇', '441900');
INSERT INTO `address` VALUES ('441923', '黄江镇', '441900');
INSERT INTO `address` VALUES ('441924', '洪梅镇', '441900');
INSERT INTO `address` VALUES ('441925', '清溪镇', '441900');
INSERT INTO `address` VALUES ('441926', '沙田镇', '441900');
INSERT INTO `address` VALUES ('441927', '道滘镇', '441900');
INSERT INTO `address` VALUES ('441928', '塘厦镇', '441900');
INSERT INTO `address` VALUES ('441929', '虎门镇', '441900');
INSERT INTO `address` VALUES ('441930', '厚街镇', '441900');
INSERT INTO `address` VALUES ('441931', '凤岗镇', '441900');
INSERT INTO `address` VALUES ('441932', '长安镇', '441900');
INSERT INTO `address` VALUES ('442000', '中山市', '440000');
INSERT INTO `address` VALUES ('442001', '石岐区', '442000');
INSERT INTO `address` VALUES ('442004', '南区', '442000');
INSERT INTO `address` VALUES ('442005', '五桂山区', '442000');
INSERT INTO `address` VALUES ('442006', '火炬开发区', '442000');
INSERT INTO `address` VALUES ('442007', '黄圃镇', '442000');
INSERT INTO `address` VALUES ('442008', '南头镇', '442000');
INSERT INTO `address` VALUES ('442009', '东凤镇', '442000');
INSERT INTO `address` VALUES ('442010', '阜沙镇', '442000');
INSERT INTO `address` VALUES ('442011', '小榄镇', '442000');
INSERT INTO `address` VALUES ('442012', '东升镇', '442000');
INSERT INTO `address` VALUES ('442013', '古镇镇', '442000');
INSERT INTO `address` VALUES ('442014', '横栏镇', '442000');
INSERT INTO `address` VALUES ('442015', '三角镇', '442000');
INSERT INTO `address` VALUES ('442016', '民众镇', '442000');
INSERT INTO `address` VALUES ('442017', '南朗镇', '442000');
INSERT INTO `address` VALUES ('442018', '港口镇', '442000');
INSERT INTO `address` VALUES ('442019', '大涌镇', '442000');
INSERT INTO `address` VALUES ('442020', '沙溪镇', '442000');
INSERT INTO `address` VALUES ('442021', '三乡镇', '442000');
INSERT INTO `address` VALUES ('442022', '板芙镇', '442000');
INSERT INTO `address` VALUES ('442023', '神湾镇', '442000');
INSERT INTO `address` VALUES ('442024', '坦洲镇', '442000');
INSERT INTO `address` VALUES ('445100', '潮州市', '440000');
INSERT INTO `address` VALUES ('445102', '湘桥区', '445100');
INSERT INTO `address` VALUES ('445103', '潮安区', '445100');
INSERT INTO `address` VALUES ('445122', '饶平县', '445100');
INSERT INTO `address` VALUES ('445200', '揭阳市', '440000');
INSERT INTO `address` VALUES ('445202', '榕城区', '445200');
INSERT INTO `address` VALUES ('445203', '揭东区', '445200');
INSERT INTO `address` VALUES ('445222', '揭西县', '445200');
INSERT INTO `address` VALUES ('445224', '惠来县', '445200');
INSERT INTO `address` VALUES ('445281', '普宁市', '445200');
INSERT INTO `address` VALUES ('445300', '云浮市', '440000');
INSERT INTO `address` VALUES ('445302', '云城区', '445300');
INSERT INTO `address` VALUES ('445303', '云安区', '445300');
INSERT INTO `address` VALUES ('445321', '新兴县', '445300');
INSERT INTO `address` VALUES ('445322', '郁南县', '445300');
INSERT INTO `address` VALUES ('445381', '罗定市', '445300');
INSERT INTO `address` VALUES ('450000', '广西壮族自治区', '450000');
INSERT INTO `address` VALUES ('450100', '南宁市', '450000');
INSERT INTO `address` VALUES ('450102', '兴宁区', '450100');
INSERT INTO `address` VALUES ('450103', '青秀区', '450100');
INSERT INTO `address` VALUES ('450105', '江南区', '450100');
INSERT INTO `address` VALUES ('450107', '西乡塘区', '450100');
INSERT INTO `address` VALUES ('450108', '良庆区', '450100');
INSERT INTO `address` VALUES ('450109', '邕宁区', '450100');
INSERT INTO `address` VALUES ('450122', '武鸣县', '450100');
INSERT INTO `address` VALUES ('450123', '隆安县', '450100');
INSERT INTO `address` VALUES ('450124', '马山县', '450100');
INSERT INTO `address` VALUES ('450125', '上林县', '450100');
INSERT INTO `address` VALUES ('450126', '宾阳县', '450100');
INSERT INTO `address` VALUES ('450127', '横县', '450100');
INSERT INTO `address` VALUES ('450128', '埌东新区', '450100');
INSERT INTO `address` VALUES ('450200', '柳州市', '450000');
INSERT INTO `address` VALUES ('450202', '城中区', '450200');
INSERT INTO `address` VALUES ('450203', '鱼峰区', '450200');
INSERT INTO `address` VALUES ('450204', '柳南区', '450200');
INSERT INTO `address` VALUES ('450205', '柳北区', '450200');
INSERT INTO `address` VALUES ('450221', '柳江县', '450200');
INSERT INTO `address` VALUES ('450222', '柳城县', '450200');
INSERT INTO `address` VALUES ('450223', '鹿寨县', '450200');
INSERT INTO `address` VALUES ('450224', '融安县', '450200');
INSERT INTO `address` VALUES ('450225', '融水苗族自治县', '450200');
INSERT INTO `address` VALUES ('450226', '三江侗族自治县', '450200');
INSERT INTO `address` VALUES ('450227', '柳东新区', '450200');
INSERT INTO `address` VALUES ('450300', '桂林市', '450000');
INSERT INTO `address` VALUES ('450302', '秀峰区', '450300');
INSERT INTO `address` VALUES ('450303', '叠彩区', '450300');
INSERT INTO `address` VALUES ('450304', '象山区', '450300');
INSERT INTO `address` VALUES ('450305', '七星区', '450300');
INSERT INTO `address` VALUES ('450311', '雁山区', '450300');
INSERT INTO `address` VALUES ('450312', '临桂区', '450300');
INSERT INTO `address` VALUES ('450321', '阳朔县', '450300');
INSERT INTO `address` VALUES ('450323', '灵川县', '450300');
INSERT INTO `address` VALUES ('450324', '全州县', '450300');
INSERT INTO `address` VALUES ('450325', '兴安县', '450300');
INSERT INTO `address` VALUES ('450326', '永福县', '450300');
INSERT INTO `address` VALUES ('450327', '灌阳县', '450300');
INSERT INTO `address` VALUES ('450328', '龙胜各族自治县', '450300');
INSERT INTO `address` VALUES ('450329', '资源县', '450300');
INSERT INTO `address` VALUES ('450330', '平乐县', '450300');
INSERT INTO `address` VALUES ('450331', '荔浦县', '450300');
INSERT INTO `address` VALUES ('450332', '恭城瑶族自治县', '450300');
INSERT INTO `address` VALUES ('450400', '梧州市', '450000');
INSERT INTO `address` VALUES ('450403', '万秀区', '450400');
INSERT INTO `address` VALUES ('450405', '长洲区', '450400');
INSERT INTO `address` VALUES ('450406', '龙圩区', '450400');
INSERT INTO `address` VALUES ('450421', '苍梧县', '450400');
INSERT INTO `address` VALUES ('450422', '藤县', '450400');
INSERT INTO `address` VALUES ('450423', '蒙山县', '450400');
INSERT INTO `address` VALUES ('450481', '岑溪市', '450400');
INSERT INTO `address` VALUES ('450500', '北海市', '450000');
INSERT INTO `address` VALUES ('450502', '海城区', '450500');
INSERT INTO `address` VALUES ('450503', '银海区', '450500');
INSERT INTO `address` VALUES ('450512', '铁山港区', '450500');
INSERT INTO `address` VALUES ('450521', '合浦县', '450500');
INSERT INTO `address` VALUES ('450600', '防城港市', '450000');
INSERT INTO `address` VALUES ('450602', '港口区', '450600');
INSERT INTO `address` VALUES ('450603', '防城区', '450600');
INSERT INTO `address` VALUES ('450621', '上思县', '450600');
INSERT INTO `address` VALUES ('450681', '东兴市', '450600');
INSERT INTO `address` VALUES ('450700', '钦州市', '450000');
INSERT INTO `address` VALUES ('450702', '钦南区', '450700');
INSERT INTO `address` VALUES ('450703', '钦北区', '450700');
INSERT INTO `address` VALUES ('450721', '灵山县', '450700');
INSERT INTO `address` VALUES ('450722', '浦北县', '450700');
INSERT INTO `address` VALUES ('450800', '贵港市', '450000');
INSERT INTO `address` VALUES ('450802', '港北区', '450800');
INSERT INTO `address` VALUES ('450803', '港南区', '450800');
INSERT INTO `address` VALUES ('450804', '覃塘区', '450800');
INSERT INTO `address` VALUES ('450821', '平南县', '450800');
INSERT INTO `address` VALUES ('450881', '桂平市', '450800');
INSERT INTO `address` VALUES ('450900', '玉林市', '450000');
INSERT INTO `address` VALUES ('450902', '玉州区', '450900');
INSERT INTO `address` VALUES ('450903', '福绵区', '450900');
INSERT INTO `address` VALUES ('450904', '玉东新区', '450900');
INSERT INTO `address` VALUES ('450921', '容县', '450900');
INSERT INTO `address` VALUES ('450922', '陆川县', '450900');
INSERT INTO `address` VALUES ('450923', '博白县', '450900');
INSERT INTO `address` VALUES ('450924', '兴业县', '450900');
INSERT INTO `address` VALUES ('450981', '北流市', '450900');
INSERT INTO `address` VALUES ('451000', '百色市', '450000');
INSERT INTO `address` VALUES ('451002', '右江区', '451000');
INSERT INTO `address` VALUES ('451021', '田阳县', '451000');
INSERT INTO `address` VALUES ('451022', '田东县', '451000');
INSERT INTO `address` VALUES ('451023', '平果县', '451000');
INSERT INTO `address` VALUES ('451024', '德保县', '451000');
INSERT INTO `address` VALUES ('451025', '靖西县', '451000');
INSERT INTO `address` VALUES ('451026', '那坡县', '451000');
INSERT INTO `address` VALUES ('451027', '凌云县', '451000');
INSERT INTO `address` VALUES ('451028', '乐业县', '451000');
INSERT INTO `address` VALUES ('451029', '田林县', '451000');
INSERT INTO `address` VALUES ('451030', '西林县', '451000');
INSERT INTO `address` VALUES ('451031', '隆林各族自治县', '451000');
INSERT INTO `address` VALUES ('451100', '贺州市', '450000');
INSERT INTO `address` VALUES ('451102', '八步区', '451100');
INSERT INTO `address` VALUES ('451121', '昭平县', '451100');
INSERT INTO `address` VALUES ('451122', '钟山县', '451100');
INSERT INTO `address` VALUES ('451123', '富川瑶族自治县', '451100');
INSERT INTO `address` VALUES ('451124', '平桂管理区', '451100');
INSERT INTO `address` VALUES ('451200', '河池市', '450000');
INSERT INTO `address` VALUES ('451202', '金城江区', '451200');
INSERT INTO `address` VALUES ('451221', '南丹县', '451200');
INSERT INTO `address` VALUES ('451222', '天峨县', '451200');
INSERT INTO `address` VALUES ('451223', '凤山县', '451200');
INSERT INTO `address` VALUES ('451224', '东兰县', '451200');
INSERT INTO `address` VALUES ('451225', '罗城仫佬族自治县', '451200');
INSERT INTO `address` VALUES ('451226', '环江毛南族自治县', '451200');
INSERT INTO `address` VALUES ('451227', '巴马瑶族自治县', '451200');
INSERT INTO `address` VALUES ('451228', '都安瑶族自治县', '451200');
INSERT INTO `address` VALUES ('451229', '大化瑶族自治县', '451200');
INSERT INTO `address` VALUES ('451281', '宜州市', '451200');
INSERT INTO `address` VALUES ('451300', '来宾市', '450000');
INSERT INTO `address` VALUES ('451302', '兴宾区', '451300');
INSERT INTO `address` VALUES ('451321', '忻城县', '451300');
INSERT INTO `address` VALUES ('451322', '象州县', '451300');
INSERT INTO `address` VALUES ('451323', '武宣县', '451300');
INSERT INTO `address` VALUES ('451324', '金秀瑶族自治县', '451300');
INSERT INTO `address` VALUES ('451381', '合山市', '451300');
INSERT INTO `address` VALUES ('451400', '崇左市', '450000');
INSERT INTO `address` VALUES ('451402', '江州区', '451400');
INSERT INTO `address` VALUES ('451421', '扶绥县', '451400');
INSERT INTO `address` VALUES ('451422', '宁明县', '451400');
INSERT INTO `address` VALUES ('451423', '龙州县', '451400');
INSERT INTO `address` VALUES ('451424', '大新县', '451400');
INSERT INTO `address` VALUES ('451425', '天等县', '451400');
INSERT INTO `address` VALUES ('451481', '凭祥市', '451400');
INSERT INTO `address` VALUES ('460000', '海南省', '460000');
INSERT INTO `address` VALUES ('460100', '海口市', '460000');
INSERT INTO `address` VALUES ('460105', '秀英区', '460100');
INSERT INTO `address` VALUES ('460106', '龙华区', '460100');
INSERT INTO `address` VALUES ('460107', '琼山区', '460100');
INSERT INTO `address` VALUES ('460108', '美兰区', '460100');
INSERT INTO `address` VALUES ('460200', '三亚市', '460000');
INSERT INTO `address` VALUES ('460202', '海棠区', '460200');
INSERT INTO `address` VALUES ('460203', '吉阳区', '460200');
INSERT INTO `address` VALUES ('460204', '天涯区', '460200');
INSERT INTO `address` VALUES ('460205', '崖州区', '460200');
INSERT INTO `address` VALUES ('460300', '三沙市', '460000');
INSERT INTO `address` VALUES ('460321', '西沙群岛', '460300');
INSERT INTO `address` VALUES ('460322', '南沙群岛', '460300');
INSERT INTO `address` VALUES ('460323', '中沙群岛', '460300');
INSERT INTO `address` VALUES ('469000', '直辖县级', '460000');
INSERT INTO `address` VALUES ('469001', '五指山市', '469000');
INSERT INTO `address` VALUES ('469002', '琼海市', '469000');
INSERT INTO `address` VALUES ('469003', '儋州市', '469000');
INSERT INTO `address` VALUES ('469005', '文昌市', '469000');
INSERT INTO `address` VALUES ('469006', '万宁市', '469000');
INSERT INTO `address` VALUES ('469007', '东方市', '469000');
INSERT INTO `address` VALUES ('469021', '定安县', '469000');
INSERT INTO `address` VALUES ('469022', '屯昌县', '469000');
INSERT INTO `address` VALUES ('469023', '澄迈县', '469000');
INSERT INTO `address` VALUES ('469024', '临高县', '469000');
INSERT INTO `address` VALUES ('469025', '白沙黎族自治县', '469000');
INSERT INTO `address` VALUES ('469026', '昌江黎族自治县', '469000');
INSERT INTO `address` VALUES ('469027', '乐东黎族自治县', '469000');
INSERT INTO `address` VALUES ('469028', '陵水黎族自治县', '469000');
INSERT INTO `address` VALUES ('469029', '保亭黎族苗族自治县', '469000');
INSERT INTO `address` VALUES ('469030', '琼中黎族苗族自治县', '469000');
INSERT INTO `address` VALUES ('500000', '重庆', '500000');
INSERT INTO `address` VALUES ('500100', '重庆市', '500000');
INSERT INTO `address` VALUES ('500101', '万州区', '500100');
INSERT INTO `address` VALUES ('500102', '涪陵区', '500100');
INSERT INTO `address` VALUES ('500103', '渝中区', '500100');
INSERT INTO `address` VALUES ('500104', '大渡口区', '500100');
INSERT INTO `address` VALUES ('500105', '江北区', '500100');
INSERT INTO `address` VALUES ('500106', '沙坪坝区', '500100');
INSERT INTO `address` VALUES ('500107', '九龙坡区', '500100');
INSERT INTO `address` VALUES ('500108', '南岸区', '500100');
INSERT INTO `address` VALUES ('500109', '北碚区', '500100');
INSERT INTO `address` VALUES ('500110', '綦江区', '500100');
INSERT INTO `address` VALUES ('500111', '大足区', '500100');
INSERT INTO `address` VALUES ('500112', '渝北区', '500100');
INSERT INTO `address` VALUES ('500113', '巴南区', '500100');
INSERT INTO `address` VALUES ('500114', '黔江区', '500100');
INSERT INTO `address` VALUES ('500115', '长寿区', '500100');
INSERT INTO `address` VALUES ('500116', '江津区', '500100');
INSERT INTO `address` VALUES ('500117', '合川区', '500100');
INSERT INTO `address` VALUES ('500118', '永川区', '500100');
INSERT INTO `address` VALUES ('500119', '南川区', '500100');
INSERT INTO `address` VALUES ('500120', '璧山区', '500100');
INSERT INTO `address` VALUES ('500151', '铜梁区', '500100');
INSERT INTO `address` VALUES ('500223', '潼南县', '500100');
INSERT INTO `address` VALUES ('500226', '荣昌县', '500100');
INSERT INTO `address` VALUES ('500228', '梁平县', '500100');
INSERT INTO `address` VALUES ('500229', '城口县', '500100');
INSERT INTO `address` VALUES ('500230', '丰都县', '500100');
INSERT INTO `address` VALUES ('500231', '垫江县', '500100');
INSERT INTO `address` VALUES ('500232', '武隆县', '500100');
INSERT INTO `address` VALUES ('500233', '忠县', '500100');
INSERT INTO `address` VALUES ('500234', '开县', '500100');
INSERT INTO `address` VALUES ('500235', '云阳县', '500100');
INSERT INTO `address` VALUES ('500236', '奉节县', '500100');
INSERT INTO `address` VALUES ('500237', '巫山县', '500100');
INSERT INTO `address` VALUES ('500238', '巫溪县', '500100');
INSERT INTO `address` VALUES ('500240', '石柱土家族自治县', '500100');
INSERT INTO `address` VALUES ('500241', '秀山土家族苗族自治县', '500100');
INSERT INTO `address` VALUES ('500242', '酉阳土家族苗族自治县', '500100');
INSERT INTO `address` VALUES ('500243', '彭水苗族土家族自治县', '500100');
INSERT INTO `address` VALUES ('500300', '两江新区', '500000');
INSERT INTO `address` VALUES ('500301', '北部新区', '500300');
INSERT INTO `address` VALUES ('500302', '保税港区', '500300');
INSERT INTO `address` VALUES ('500303', '工业园区', '500300');
INSERT INTO `address` VALUES ('510000', '四川省', '510000');
INSERT INTO `address` VALUES ('510100', '成都市', '510000');
INSERT INTO `address` VALUES ('510104', '锦江区', '510100');
INSERT INTO `address` VALUES ('510105', '青羊区', '510100');
INSERT INTO `address` VALUES ('510106', '金牛区', '510100');
INSERT INTO `address` VALUES ('510107', '武侯区', '510100');
INSERT INTO `address` VALUES ('510108', '成华区', '510100');
INSERT INTO `address` VALUES ('510112', '龙泉驿区', '510100');
INSERT INTO `address` VALUES ('510113', '青白江区', '510100');
INSERT INTO `address` VALUES ('510114', '新都区', '510100');
INSERT INTO `address` VALUES ('510115', '温江区', '510100');
INSERT INTO `address` VALUES ('510121', '金堂县', '510100');
INSERT INTO `address` VALUES ('510122', '双流县', '510100');
INSERT INTO `address` VALUES ('510124', '郫县', '510100');
INSERT INTO `address` VALUES ('510129', '大邑县', '510100');
INSERT INTO `address` VALUES ('510131', '蒲江县', '510100');
INSERT INTO `address` VALUES ('510132', '新津县', '510100');
INSERT INTO `address` VALUES ('510181', '都江堰市', '510100');
INSERT INTO `address` VALUES ('510182', '彭州市', '510100');
INSERT INTO `address` VALUES ('510183', '邛崃市', '510100');
INSERT INTO `address` VALUES ('510184', '崇州市', '510100');
INSERT INTO `address` VALUES ('510300', '自贡市', '510000');
INSERT INTO `address` VALUES ('510302', '自流井区', '510300');
INSERT INTO `address` VALUES ('510303', '贡井区', '510300');
INSERT INTO `address` VALUES ('510304', '大安区', '510300');
INSERT INTO `address` VALUES ('510311', '沿滩区', '510300');
INSERT INTO `address` VALUES ('510321', '荣县', '510300');
INSERT INTO `address` VALUES ('510322', '富顺县', '510300');
INSERT INTO `address` VALUES ('510400', '攀枝花市', '510000');
INSERT INTO `address` VALUES ('510402', '东区', '510400');
INSERT INTO `address` VALUES ('510403', '西区', '510400');
INSERT INTO `address` VALUES ('510411', '仁和区', '510400');
INSERT INTO `address` VALUES ('510421', '米易县', '510400');
INSERT INTO `address` VALUES ('510422', '盐边县', '510400');
INSERT INTO `address` VALUES ('510500', '泸州市', '510000');
INSERT INTO `address` VALUES ('510502', '江阳区', '510500');
INSERT INTO `address` VALUES ('510503', '纳溪区', '510500');
INSERT INTO `address` VALUES ('510504', '龙马潭区', '510500');
INSERT INTO `address` VALUES ('510521', '泸县', '510500');
INSERT INTO `address` VALUES ('510522', '合江县', '510500');
INSERT INTO `address` VALUES ('510524', '叙永县', '510500');
INSERT INTO `address` VALUES ('510525', '古蔺县', '510500');
INSERT INTO `address` VALUES ('510600', '德阳市', '510000');
INSERT INTO `address` VALUES ('510603', '旌阳区', '510600');
INSERT INTO `address` VALUES ('510623', '中江县', '510600');
INSERT INTO `address` VALUES ('510626', '罗江县', '510600');
INSERT INTO `address` VALUES ('510681', '广汉市', '510600');
INSERT INTO `address` VALUES ('510682', '什邡市', '510600');
INSERT INTO `address` VALUES ('510683', '绵竹市', '510600');
INSERT INTO `address` VALUES ('510700', '绵阳市', '510000');
INSERT INTO `address` VALUES ('510703', '涪城区', '510700');
INSERT INTO `address` VALUES ('510704', '游仙区', '510700');
INSERT INTO `address` VALUES ('510722', '三台县', '510700');
INSERT INTO `address` VALUES ('510723', '盐亭县', '510700');
INSERT INTO `address` VALUES ('510724', '安县', '510700');
INSERT INTO `address` VALUES ('510725', '梓潼县', '510700');
INSERT INTO `address` VALUES ('510726', '北川羌族自治县', '510700');
INSERT INTO `address` VALUES ('510727', '平武县', '510700');
INSERT INTO `address` VALUES ('510781', '江油市', '510700');
INSERT INTO `address` VALUES ('510800', '广元市', '510000');
INSERT INTO `address` VALUES ('510802', '利州区', '510800');
INSERT INTO `address` VALUES ('510811', '昭化区', '510800');
INSERT INTO `address` VALUES ('510812', '朝天区', '510800');
INSERT INTO `address` VALUES ('510821', '旺苍县', '510800');
INSERT INTO `address` VALUES ('510822', '青川县', '510800');
INSERT INTO `address` VALUES ('510823', '剑阁县', '510800');
INSERT INTO `address` VALUES ('510824', '苍溪县', '510800');
INSERT INTO `address` VALUES ('510900', '遂宁市', '510000');
INSERT INTO `address` VALUES ('510903', '船山区', '510900');
INSERT INTO `address` VALUES ('510904', '安居区', '510900');
INSERT INTO `address` VALUES ('510921', '蓬溪县', '510900');
INSERT INTO `address` VALUES ('510922', '射洪县', '510900');
INSERT INTO `address` VALUES ('510923', '大英县', '510900');
INSERT INTO `address` VALUES ('511000', '内江市', '510000');
INSERT INTO `address` VALUES ('511002', '市中区', '511000');
INSERT INTO `address` VALUES ('511011', '东兴区', '511000');
INSERT INTO `address` VALUES ('511024', '威远县', '511000');
INSERT INTO `address` VALUES ('511025', '资中县', '511000');
INSERT INTO `address` VALUES ('511028', '隆昌县', '511000');
INSERT INTO `address` VALUES ('511100', '乐山市', '510000');
INSERT INTO `address` VALUES ('511102', '市中区', '511100');
INSERT INTO `address` VALUES ('511111', '沙湾区', '511100');
INSERT INTO `address` VALUES ('511112', '五通桥区', '511100');
INSERT INTO `address` VALUES ('511113', '金口河区', '511100');
INSERT INTO `address` VALUES ('511123', '犍为县', '511100');
INSERT INTO `address` VALUES ('511124', '井研县', '511100');
INSERT INTO `address` VALUES ('511126', '夹江县', '511100');
INSERT INTO `address` VALUES ('511129', '沐川县', '511100');
INSERT INTO `address` VALUES ('511132', '峨边彝族自治县', '511100');
INSERT INTO `address` VALUES ('511133', '马边彝族自治县', '511100');
INSERT INTO `address` VALUES ('511181', '峨眉山市', '511100');
INSERT INTO `address` VALUES ('511300', '南充市', '510000');
INSERT INTO `address` VALUES ('511302', '顺庆区', '511300');
INSERT INTO `address` VALUES ('511303', '高坪区', '511300');
INSERT INTO `address` VALUES ('511304', '嘉陵区', '511300');
INSERT INTO `address` VALUES ('511321', '南部县', '511300');
INSERT INTO `address` VALUES ('511322', '营山县', '511300');
INSERT INTO `address` VALUES ('511323', '蓬安县', '511300');
INSERT INTO `address` VALUES ('511324', '仪陇县', '511300');
INSERT INTO `address` VALUES ('511325', '西充县', '511300');
INSERT INTO `address` VALUES ('511381', '阆中市', '511300');
INSERT INTO `address` VALUES ('511400', '眉山市', '510000');
INSERT INTO `address` VALUES ('511402', '东坡区', '511400');
INSERT INTO `address` VALUES ('511403', '彭山区', '511400');
INSERT INTO `address` VALUES ('511421', '仁寿县', '511400');
INSERT INTO `address` VALUES ('511423', '洪雅县', '511400');
INSERT INTO `address` VALUES ('511424', '丹棱县', '511400');
INSERT INTO `address` VALUES ('511425', '青神县', '511400');
INSERT INTO `address` VALUES ('511500', '宜宾市', '510000');
INSERT INTO `address` VALUES ('511502', '翠屏区', '511500');
INSERT INTO `address` VALUES ('511503', '南溪区', '511500');
INSERT INTO `address` VALUES ('511521', '宜宾县', '511500');
INSERT INTO `address` VALUES ('511523', '江安县', '511500');
INSERT INTO `address` VALUES ('511524', '长宁县', '511500');
INSERT INTO `address` VALUES ('511525', '高县', '511500');
INSERT INTO `address` VALUES ('511526', '珙县', '511500');
INSERT INTO `address` VALUES ('511527', '筠连县', '511500');
INSERT INTO `address` VALUES ('511528', '兴文县', '511500');
INSERT INTO `address` VALUES ('511529', '屏山县', '511500');
INSERT INTO `address` VALUES ('511600', '广安市', '510000');
INSERT INTO `address` VALUES ('511602', '广安区', '511600');
INSERT INTO `address` VALUES ('511603', '前锋区', '511600');
INSERT INTO `address` VALUES ('511621', '岳池县', '511600');
INSERT INTO `address` VALUES ('511622', '武胜县', '511600');
INSERT INTO `address` VALUES ('511623', '邻水县', '511600');
INSERT INTO `address` VALUES ('511681', '华蓥市', '511600');
INSERT INTO `address` VALUES ('511700', '达州市', '510000');
INSERT INTO `address` VALUES ('511702', '通川区', '511700');
INSERT INTO `address` VALUES ('511703', '达川区', '511700');
INSERT INTO `address` VALUES ('511722', '宣汉县', '511700');
INSERT INTO `address` VALUES ('511723', '开江县', '511700');
INSERT INTO `address` VALUES ('511724', '大竹县', '511700');
INSERT INTO `address` VALUES ('511725', '渠县', '511700');
INSERT INTO `address` VALUES ('511781', '万源市', '511700');
INSERT INTO `address` VALUES ('511800', '雅安市', '510000');
INSERT INTO `address` VALUES ('511802', '雨城区', '511800');
INSERT INTO `address` VALUES ('511803', '名山区', '511800');
INSERT INTO `address` VALUES ('511822', '荥经县', '511800');
INSERT INTO `address` VALUES ('511823', '汉源县', '511800');
INSERT INTO `address` VALUES ('511824', '石棉县', '511800');
INSERT INTO `address` VALUES ('511825', '天全县', '511800');
INSERT INTO `address` VALUES ('511826', '芦山县', '511800');
INSERT INTO `address` VALUES ('511827', '宝兴县', '511800');
INSERT INTO `address` VALUES ('511900', '巴中市', '510000');
INSERT INTO `address` VALUES ('511902', '巴州区', '511900');
INSERT INTO `address` VALUES ('511903', '恩阳区', '511900');
INSERT INTO `address` VALUES ('511921', '通江县', '511900');
INSERT INTO `address` VALUES ('511922', '南江县', '511900');
INSERT INTO `address` VALUES ('511923', '平昌县', '511900');
INSERT INTO `address` VALUES ('512000', '资阳市', '510000');
INSERT INTO `address` VALUES ('512002', '雁江区', '512000');
INSERT INTO `address` VALUES ('512021', '安岳县', '512000');
INSERT INTO `address` VALUES ('512022', '乐至县', '512000');
INSERT INTO `address` VALUES ('512081', '简阳市', '512000');
INSERT INTO `address` VALUES ('513200', '阿坝藏族羌族自治州', '510000');
INSERT INTO `address` VALUES ('513221', '汶川县', '513200');
INSERT INTO `address` VALUES ('513222', '理县', '513200');
INSERT INTO `address` VALUES ('513223', '茂县', '513200');
INSERT INTO `address` VALUES ('513224', '松潘县', '513200');
INSERT INTO `address` VALUES ('513225', '九寨沟县', '513200');
INSERT INTO `address` VALUES ('513226', '金川县', '513200');
INSERT INTO `address` VALUES ('513227', '小金县', '513200');
INSERT INTO `address` VALUES ('513228', '黑水县', '513200');
INSERT INTO `address` VALUES ('513229', '马尔康县', '513200');
INSERT INTO `address` VALUES ('513230', '壤塘县', '513200');
INSERT INTO `address` VALUES ('513231', '阿坝县', '513200');
INSERT INTO `address` VALUES ('513232', '若尔盖县', '513200');
INSERT INTO `address` VALUES ('513233', '红原县', '513200');
INSERT INTO `address` VALUES ('513300', '甘孜藏族自治州', '510000');
INSERT INTO `address` VALUES ('513321', '康定县', '513300');
INSERT INTO `address` VALUES ('513322', '泸定县', '513300');
INSERT INTO `address` VALUES ('513323', '丹巴县', '513300');
INSERT INTO `address` VALUES ('513324', '九龙县', '513300');
INSERT INTO `address` VALUES ('513325', '雅江县', '513300');
INSERT INTO `address` VALUES ('513326', '道孚县', '513300');
INSERT INTO `address` VALUES ('513327', '炉霍县', '513300');
INSERT INTO `address` VALUES ('513328', '甘孜县', '513300');
INSERT INTO `address` VALUES ('513329', '新龙县', '513300');
INSERT INTO `address` VALUES ('513330', '德格县', '513300');
INSERT INTO `address` VALUES ('513331', '白玉县', '513300');
INSERT INTO `address` VALUES ('513332', '石渠县', '513300');
INSERT INTO `address` VALUES ('513333', '色达县', '513300');
INSERT INTO `address` VALUES ('513334', '理塘县', '513300');
INSERT INTO `address` VALUES ('513335', '巴塘县', '513300');
INSERT INTO `address` VALUES ('513336', '乡城县', '513300');
INSERT INTO `address` VALUES ('513337', '稻城县', '513300');
INSERT INTO `address` VALUES ('513338', '得荣县', '513300');
INSERT INTO `address` VALUES ('513400', '凉山彝族自治州', '510000');
INSERT INTO `address` VALUES ('513401', '西昌市', '513400');
INSERT INTO `address` VALUES ('513422', '木里藏族自治县', '513400');
INSERT INTO `address` VALUES ('513423', '盐源县', '513400');
INSERT INTO `address` VALUES ('513424', '德昌县', '513400');
INSERT INTO `address` VALUES ('513425', '会理县', '513400');
INSERT INTO `address` VALUES ('513426', '会东县', '513400');
INSERT INTO `address` VALUES ('513427', '宁南县', '513400');
INSERT INTO `address` VALUES ('513428', '普格县', '513400');
INSERT INTO `address` VALUES ('513429', '布拖县', '513400');
INSERT INTO `address` VALUES ('513430', '金阳县', '513400');
INSERT INTO `address` VALUES ('513431', '昭觉县', '513400');
INSERT INTO `address` VALUES ('513432', '喜德县', '513400');
INSERT INTO `address` VALUES ('513433', '冕宁县', '513400');
INSERT INTO `address` VALUES ('513434', '越西县', '513400');
INSERT INTO `address` VALUES ('513435', '甘洛县', '513400');
INSERT INTO `address` VALUES ('513436', '美姑县', '513400');
INSERT INTO `address` VALUES ('513437', '雷波县', '513400');
INSERT INTO `address` VALUES ('520000', '贵州省', '520000');
INSERT INTO `address` VALUES ('520100', '贵阳市', '520000');
INSERT INTO `address` VALUES ('520102', '南明区', '520100');
INSERT INTO `address` VALUES ('520103', '云岩区', '520100');
INSERT INTO `address` VALUES ('520111', '花溪区', '520100');
INSERT INTO `address` VALUES ('520112', '乌当区', '520100');
INSERT INTO `address` VALUES ('520113', '白云区', '520100');
INSERT INTO `address` VALUES ('520115', '观山湖区', '520100');
INSERT INTO `address` VALUES ('520121', '开阳县', '520100');
INSERT INTO `address` VALUES ('520122', '息烽县', '520100');
INSERT INTO `address` VALUES ('520123', '修文县', '520100');
INSERT INTO `address` VALUES ('520181', '清镇市', '520100');
INSERT INTO `address` VALUES ('520200', '六盘水市', '520000');
INSERT INTO `address` VALUES ('520201', '钟山区', '520200');
INSERT INTO `address` VALUES ('520203', '六枝特区', '520200');
INSERT INTO `address` VALUES ('520221', '水城县', '520200');
INSERT INTO `address` VALUES ('520222', '盘县', '520200');
INSERT INTO `address` VALUES ('520300', '遵义市', '520000');
INSERT INTO `address` VALUES ('520302', '红花岗区', '520300');
INSERT INTO `address` VALUES ('520303', '汇川区', '520300');
INSERT INTO `address` VALUES ('520321', '遵义县', '520300');
INSERT INTO `address` VALUES ('520322', '桐梓县', '520300');
INSERT INTO `address` VALUES ('520323', '绥阳县', '520300');
INSERT INTO `address` VALUES ('520324', '正安县', '520300');
INSERT INTO `address` VALUES ('520325', '道真仡佬族苗族自治县', '520300');
INSERT INTO `address` VALUES ('520326', '务川仡佬族苗族自治县', '520300');
INSERT INTO `address` VALUES ('520327', '凤冈县', '520300');
INSERT INTO `address` VALUES ('520328', '湄潭县', '520300');
INSERT INTO `address` VALUES ('520329', '余庆县', '520300');
INSERT INTO `address` VALUES ('520330', '习水县', '520300');
INSERT INTO `address` VALUES ('520381', '赤水市', '520300');
INSERT INTO `address` VALUES ('520382', '仁怀市', '520300');
INSERT INTO `address` VALUES ('520400', '安顺市', '520000');
INSERT INTO `address` VALUES ('520402', '西秀区', '520400');
INSERT INTO `address` VALUES ('520421', '平坝区', '520400');
INSERT INTO `address` VALUES ('520422', '普定县', '520400');
INSERT INTO `address` VALUES ('520423', '镇宁布依族苗族自治县', '520400');
INSERT INTO `address` VALUES ('520424', '关岭布依族苗族自治县', '520400');
INSERT INTO `address` VALUES ('520425', '紫云苗族布依族自治县', '520400');
INSERT INTO `address` VALUES ('520500', '毕节市', '520000');
INSERT INTO `address` VALUES ('520502', '七星关区', '520500');
INSERT INTO `address` VALUES ('520521', '大方县', '520500');
INSERT INTO `address` VALUES ('520522', '黔西县', '520500');
INSERT INTO `address` VALUES ('520523', '金沙县', '520500');
INSERT INTO `address` VALUES ('520524', '织金县', '520500');
INSERT INTO `address` VALUES ('520525', '纳雍县', '520500');
INSERT INTO `address` VALUES ('520526', '威宁彝族回族苗族自治县', '520500');
INSERT INTO `address` VALUES ('520527', '赫章县', '520500');
INSERT INTO `address` VALUES ('520600', '铜仁市', '520000');
INSERT INTO `address` VALUES ('520602', '碧江区', '520600');
INSERT INTO `address` VALUES ('520603', '万山区', '520600');
INSERT INTO `address` VALUES ('520621', '江口县', '520600');
INSERT INTO `address` VALUES ('520622', '玉屏侗族自治县', '520600');
INSERT INTO `address` VALUES ('520623', '石阡县', '520600');
INSERT INTO `address` VALUES ('520624', '思南县', '520600');
INSERT INTO `address` VALUES ('520625', '印江土家族苗族自治县', '520600');
INSERT INTO `address` VALUES ('520626', '德江县', '520600');
INSERT INTO `address` VALUES ('520627', '沿河土家族自治县', '520600');
INSERT INTO `address` VALUES ('520628', '松桃苗族自治县', '520600');
INSERT INTO `address` VALUES ('522300', '黔西南布依族苗族自治州', '520000');
INSERT INTO `address` VALUES ('522301', '兴义市 ', '522300');
INSERT INTO `address` VALUES ('522322', '兴仁县', '522300');
INSERT INTO `address` VALUES ('522323', '普安县', '522300');
INSERT INTO `address` VALUES ('522324', '晴隆县', '522300');
INSERT INTO `address` VALUES ('522325', '贞丰县', '522300');
INSERT INTO `address` VALUES ('522326', '望谟县', '522300');
INSERT INTO `address` VALUES ('522327', '册亨县', '522300');
INSERT INTO `address` VALUES ('522328', '安龙县', '522300');
INSERT INTO `address` VALUES ('522600', '黔东南苗族侗族自治州', '520000');
INSERT INTO `address` VALUES ('522601', '凯里市', '522600');
INSERT INTO `address` VALUES ('522622', '黄平县', '522600');
INSERT INTO `address` VALUES ('522623', '施秉县', '522600');
INSERT INTO `address` VALUES ('522624', '三穗县', '522600');
INSERT INTO `address` VALUES ('522625', '镇远县', '522600');
INSERT INTO `address` VALUES ('522626', '岑巩县', '522600');
INSERT INTO `address` VALUES ('522627', '天柱县', '522600');
INSERT INTO `address` VALUES ('522628', '锦屏县', '522600');
INSERT INTO `address` VALUES ('522629', '剑河县', '522600');
INSERT INTO `address` VALUES ('522630', '台江县', '522600');
INSERT INTO `address` VALUES ('522631', '黎平县', '522600');
INSERT INTO `address` VALUES ('522632', '榕江县', '522600');
INSERT INTO `address` VALUES ('522633', '从江县', '522600');
INSERT INTO `address` VALUES ('522634', '雷山县', '522600');
INSERT INTO `address` VALUES ('522635', '麻江县', '522600');
INSERT INTO `address` VALUES ('522636', '丹寨县', '522600');
INSERT INTO `address` VALUES ('522700', '黔南布依族苗族自治州', '520000');
INSERT INTO `address` VALUES ('522701', '都匀市', '522700');
INSERT INTO `address` VALUES ('522702', '福泉市', '522700');
INSERT INTO `address` VALUES ('522722', '荔波县', '522700');
INSERT INTO `address` VALUES ('522723', '贵定县', '522700');
INSERT INTO `address` VALUES ('522725', '瓮安县', '522700');
INSERT INTO `address` VALUES ('522726', '独山县', '522700');
INSERT INTO `address` VALUES ('522727', '平塘县', '522700');
INSERT INTO `address` VALUES ('522728', '罗甸县', '522700');
INSERT INTO `address` VALUES ('522729', '长顺县', '522700');
INSERT INTO `address` VALUES ('522730', '龙里县', '522700');
INSERT INTO `address` VALUES ('522731', '惠水县', '522700');
INSERT INTO `address` VALUES ('522732', '三都水族自治县', '522700');
INSERT INTO `address` VALUES ('530000', '云南省', '530000');
INSERT INTO `address` VALUES ('530100', '昆明市', '530000');
INSERT INTO `address` VALUES ('530102', '五华区', '530100');
INSERT INTO `address` VALUES ('530103', '盘龙区', '530100');
INSERT INTO `address` VALUES ('530111', '官渡区', '530100');
INSERT INTO `address` VALUES ('530112', '西山区', '530100');
INSERT INTO `address` VALUES ('530113', '东川区', '530100');
INSERT INTO `address` VALUES ('530114', '呈贡区', '530100');
INSERT INTO `address` VALUES ('530122', '晋宁县', '530100');
INSERT INTO `address` VALUES ('530124', '富民县', '530100');
INSERT INTO `address` VALUES ('530125', '宜良县', '530100');
INSERT INTO `address` VALUES ('530126', '石林彝族自治县', '530100');
INSERT INTO `address` VALUES ('530127', '嵩明县', '530100');
INSERT INTO `address` VALUES ('530128', '禄劝彝族苗族自治县', '530100');
INSERT INTO `address` VALUES ('530129', '寻甸回族彝族自治县 ', '530100');
INSERT INTO `address` VALUES ('530181', '安宁市', '530100');
INSERT INTO `address` VALUES ('530300', '曲靖市', '530000');
INSERT INTO `address` VALUES ('530302', '麒麟区', '530300');
INSERT INTO `address` VALUES ('530321', '马龙县', '530300');
INSERT INTO `address` VALUES ('530322', '陆良县', '530300');
INSERT INTO `address` VALUES ('530323', '师宗县', '530300');
INSERT INTO `address` VALUES ('530324', '罗平县', '530300');
INSERT INTO `address` VALUES ('530325', '富源县', '530300');
INSERT INTO `address` VALUES ('530326', '会泽县', '530300');
INSERT INTO `address` VALUES ('530328', '沾益县', '530300');
INSERT INTO `address` VALUES ('530381', '宣威市', '530300');
INSERT INTO `address` VALUES ('530400', '玉溪市', '530000');
INSERT INTO `address` VALUES ('530402', '红塔区', '530400');
INSERT INTO `address` VALUES ('530421', '江川县', '530400');
INSERT INTO `address` VALUES ('530422', '澄江县', '530400');
INSERT INTO `address` VALUES ('530423', '通海县', '530400');
INSERT INTO `address` VALUES ('530424', '华宁县', '530400');
INSERT INTO `address` VALUES ('530425', '易门县', '530400');
INSERT INTO `address` VALUES ('530426', '峨山彝族自治县', '530400');
INSERT INTO `address` VALUES ('530427', '新平彝族傣族自治县', '530400');
INSERT INTO `address` VALUES ('530428', '元江哈尼族彝族傣族自治县', '530400');
INSERT INTO `address` VALUES ('530500', '保山市', '530000');
INSERT INTO `address` VALUES ('530502', '隆阳区', '530500');
INSERT INTO `address` VALUES ('530521', '施甸县', '530500');
INSERT INTO `address` VALUES ('530522', '腾冲县', '530500');
INSERT INTO `address` VALUES ('530523', '龙陵县', '530500');
INSERT INTO `address` VALUES ('530524', '昌宁县', '530500');
INSERT INTO `address` VALUES ('530600', '昭通市', '530000');
INSERT INTO `address` VALUES ('530602', '昭阳区', '530600');
INSERT INTO `address` VALUES ('530621', '鲁甸县', '530600');
INSERT INTO `address` VALUES ('530622', '巧家县', '530600');
INSERT INTO `address` VALUES ('530623', '盐津县', '530600');
INSERT INTO `address` VALUES ('530624', '大关县', '530600');
INSERT INTO `address` VALUES ('530625', '永善县', '530600');
INSERT INTO `address` VALUES ('530626', '绥江县', '530600');
INSERT INTO `address` VALUES ('530627', '镇雄县', '530600');
INSERT INTO `address` VALUES ('530628', '彝良县', '530600');
INSERT INTO `address` VALUES ('530629', '威信县', '530600');
INSERT INTO `address` VALUES ('530630', '水富县', '530600');
INSERT INTO `address` VALUES ('530700', '丽江市', '530000');
INSERT INTO `address` VALUES ('530702', '古城区', '530700');
INSERT INTO `address` VALUES ('530721', '玉龙纳西族自治县', '530700');
INSERT INTO `address` VALUES ('530722', '永胜县', '530700');
INSERT INTO `address` VALUES ('530723', '华坪县', '530700');
INSERT INTO `address` VALUES ('530724', '宁蒗彝族自治县', '530700');
INSERT INTO `address` VALUES ('530800', '普洱市', '530000');
INSERT INTO `address` VALUES ('530802', '思茅区', '530800');
INSERT INTO `address` VALUES ('530821', '宁洱哈尼族彝族自治县', '530800');
INSERT INTO `address` VALUES ('530822', '墨江哈尼族自治县', '530800');
INSERT INTO `address` VALUES ('530823', '景东彝族自治县', '530800');
INSERT INTO `address` VALUES ('530824', '景谷傣族彝族自治县', '530800');
INSERT INTO `address` VALUES ('530825', '镇沅彝族哈尼族拉祜族自治县', '530800');
INSERT INTO `address` VALUES ('530826', '江城哈尼族彝族自治县', '530800');
INSERT INTO `address` VALUES ('530827', '孟连傣族拉祜族佤族自治县', '530800');
INSERT INTO `address` VALUES ('530828', '澜沧拉祜族自治县', '530800');
INSERT INTO `address` VALUES ('530829', '西盟佤族自治县', '530800');
INSERT INTO `address` VALUES ('530900', '临沧市', '530000');
INSERT INTO `address` VALUES ('530902', '临翔区', '530900');
INSERT INTO `address` VALUES ('530921', '凤庆县', '530900');
INSERT INTO `address` VALUES ('530922', '云县', '530900');
INSERT INTO `address` VALUES ('530923', '永德县', '530900');
INSERT INTO `address` VALUES ('530924', '镇康县', '530900');
INSERT INTO `address` VALUES ('530925', '双江拉祜族佤族布朗族傣族自治县', '530900');
INSERT INTO `address` VALUES ('530926', '耿马傣族佤族自治县', '530900');
INSERT INTO `address` VALUES ('530927', '沧源佤族自治县', '530900');
INSERT INTO `address` VALUES ('532300', '楚雄彝族自治州', '530000');
INSERT INTO `address` VALUES ('532301', '楚雄市', '532300');
INSERT INTO `address` VALUES ('532322', '双柏县', '532300');
INSERT INTO `address` VALUES ('532323', '牟定县', '532300');
INSERT INTO `address` VALUES ('532324', '南华县', '532300');
INSERT INTO `address` VALUES ('532325', '姚安县', '532300');
INSERT INTO `address` VALUES ('532326', '大姚县', '532300');
INSERT INTO `address` VALUES ('532327', '永仁县', '532300');
INSERT INTO `address` VALUES ('532328', '元谋县', '532300');
INSERT INTO `address` VALUES ('532329', '武定县', '532300');
INSERT INTO `address` VALUES ('532331', '禄丰县', '532300');
INSERT INTO `address` VALUES ('532500', '红河哈尼族彝族自治州', '530000');
INSERT INTO `address` VALUES ('532501', '个旧市', '532500');
INSERT INTO `address` VALUES ('532502', '开远市', '532500');
INSERT INTO `address` VALUES ('532503', '蒙自市', '532500');
INSERT INTO `address` VALUES ('532504', '弥勒市', '532500');
INSERT INTO `address` VALUES ('532523', '屏边苗族自治县', '532500');
INSERT INTO `address` VALUES ('532524', '建水县', '532500');
INSERT INTO `address` VALUES ('532525', '石屏县', '532500');
INSERT INTO `address` VALUES ('532527', '泸西县', '532500');
INSERT INTO `address` VALUES ('532528', '元阳县', '532500');
INSERT INTO `address` VALUES ('532529', '红河县', '532500');
INSERT INTO `address` VALUES ('532530', '金平苗族瑶族傣族自治县', '532500');
INSERT INTO `address` VALUES ('532531', '绿春县', '532500');
INSERT INTO `address` VALUES ('532532', '河口瑶族自治县', '532500');
INSERT INTO `address` VALUES ('532600', '文山壮族苗族自治州', '530000');
INSERT INTO `address` VALUES ('532601', '文山市', '532600');
INSERT INTO `address` VALUES ('532622', '砚山县', '532600');
INSERT INTO `address` VALUES ('532623', '西畴县', '532600');
INSERT INTO `address` VALUES ('532624', '麻栗坡县', '532600');
INSERT INTO `address` VALUES ('532625', '马关县', '532600');
INSERT INTO `address` VALUES ('532626', '丘北县', '532600');
INSERT INTO `address` VALUES ('532627', '广南县', '532600');
INSERT INTO `address` VALUES ('532628', '富宁县', '532600');
INSERT INTO `address` VALUES ('532800', '西双版纳傣族自治州', '530000');
INSERT INTO `address` VALUES ('532801', '景洪市', '532800');
INSERT INTO `address` VALUES ('532822', '勐海县', '532800');
INSERT INTO `address` VALUES ('532823', '勐腊县', '532800');
INSERT INTO `address` VALUES ('532900', '大理白族自治州', '530000');
INSERT INTO `address` VALUES ('532901', '大理市', '532900');
INSERT INTO `address` VALUES ('532922', '漾濞彝族自治县', '532900');
INSERT INTO `address` VALUES ('532923', '祥云县', '532900');
INSERT INTO `address` VALUES ('532924', '宾川县', '532900');
INSERT INTO `address` VALUES ('532925', '弥渡县', '532900');
INSERT INTO `address` VALUES ('532926', '南涧彝族自治县', '532900');
INSERT INTO `address` VALUES ('532927', '巍山彝族回族自治县', '532900');
INSERT INTO `address` VALUES ('532928', '永平县', '532900');
INSERT INTO `address` VALUES ('532929', '云龙县', '532900');
INSERT INTO `address` VALUES ('532930', '洱源县', '532900');
INSERT INTO `address` VALUES ('532931', '剑川县', '532900');
INSERT INTO `address` VALUES ('532932', '鹤庆县', '532900');
INSERT INTO `address` VALUES ('533100', '德宏傣族景颇族自治州', '530000');
INSERT INTO `address` VALUES ('533102', '瑞丽市', '533100');
INSERT INTO `address` VALUES ('533103', '芒市', '533100');
INSERT INTO `address` VALUES ('533122', '梁河县', '533100');
INSERT INTO `address` VALUES ('533123', '盈江县', '533100');
INSERT INTO `address` VALUES ('533124', '陇川县', '533100');
INSERT INTO `address` VALUES ('533300', '怒江傈僳族自治州', '530000');
INSERT INTO `address` VALUES ('533321', '泸水县', '533300');
INSERT INTO `address` VALUES ('533323', '福贡县', '533300');
INSERT INTO `address` VALUES ('533324', '贡山独龙族怒族自治县', '533300');
INSERT INTO `address` VALUES ('533325', '兰坪白族普米族自治县', '533300');
INSERT INTO `address` VALUES ('533400', '迪庆藏族自治州', '530000');
INSERT INTO `address` VALUES ('533421', '香格里拉市', '533400');
INSERT INTO `address` VALUES ('533422', '德钦县', '533400');
INSERT INTO `address` VALUES ('533423', '维西傈僳族自治县', '533400');
INSERT INTO `address` VALUES ('540000', '西藏自治区', '540000');
INSERT INTO `address` VALUES ('540100', '拉萨市', '540000');
INSERT INTO `address` VALUES ('540102', '城关区', '540100');
INSERT INTO `address` VALUES ('540121', '林周县', '540100');
INSERT INTO `address` VALUES ('540122', '当雄县', '540100');
INSERT INTO `address` VALUES ('540123', '尼木县', '540100');
INSERT INTO `address` VALUES ('540124', '曲水县', '540100');
INSERT INTO `address` VALUES ('540125', '堆龙德庆县', '540100');
INSERT INTO `address` VALUES ('540126', '达孜县', '540100');
INSERT INTO `address` VALUES ('540127', '墨竹工卡县', '540100');
INSERT INTO `address` VALUES ('540200', '日喀则市', '540000');
INSERT INTO `address` VALUES ('540202', '桑珠孜区', '540200');
INSERT INTO `address` VALUES ('540221', '南木林县', '540200');
INSERT INTO `address` VALUES ('540222', '江孜县', '540200');
INSERT INTO `address` VALUES ('540223', '定日县', '540200');
INSERT INTO `address` VALUES ('540224', '萨迦县', '540200');
INSERT INTO `address` VALUES ('540225', '拉孜县', '540200');
INSERT INTO `address` VALUES ('540226', '昂仁县', '540200');
INSERT INTO `address` VALUES ('540227', '谢通门县', '540200');
INSERT INTO `address` VALUES ('540228', '白朗县', '540200');
INSERT INTO `address` VALUES ('540229', '仁布县', '540200');
INSERT INTO `address` VALUES ('540230', '康马县', '540200');
INSERT INTO `address` VALUES ('540231', '定结县', '540200');
INSERT INTO `address` VALUES ('540232', '仲巴县', '540200');
INSERT INTO `address` VALUES ('540233', '亚东县', '540200');
INSERT INTO `address` VALUES ('540234', '吉隆县', '540200');
INSERT INTO `address` VALUES ('540235', '聂拉木县', '540200');
INSERT INTO `address` VALUES ('540236', '萨嘎县', '540200');
INSERT INTO `address` VALUES ('540237', '岗巴县', '540200');
INSERT INTO `address` VALUES ('540300', '昌都市', '540000');
INSERT INTO `address` VALUES ('540302', '卡若区', '540300');
INSERT INTO `address` VALUES ('540321', '江达县', '540300');
INSERT INTO `address` VALUES ('540322', '贡觉县', '540300');
INSERT INTO `address` VALUES ('540323', '类乌齐县', '540300');
INSERT INTO `address` VALUES ('540324', '丁青县', '540300');
INSERT INTO `address` VALUES ('540325', '察雅县', '540300');
INSERT INTO `address` VALUES ('540326', '八宿县', '540300');
INSERT INTO `address` VALUES ('540327', '左贡县', '540300');
INSERT INTO `address` VALUES ('540328', '芒康县', '540300');
INSERT INTO `address` VALUES ('540329', '洛隆县', '540300');
INSERT INTO `address` VALUES ('540330', '边坝县', '540300');
INSERT INTO `address` VALUES ('542200', '山南地区', '540000');
INSERT INTO `address` VALUES ('542221', '乃东县', '542200');
INSERT INTO `address` VALUES ('542222', '扎囊县', '542200');
INSERT INTO `address` VALUES ('542223', '贡嘎县', '542200');
INSERT INTO `address` VALUES ('542224', '桑日县', '542200');
INSERT INTO `address` VALUES ('542225', '琼结县', '542200');
INSERT INTO `address` VALUES ('542226', '曲松县', '542200');
INSERT INTO `address` VALUES ('542227', '措美县', '542200');
INSERT INTO `address` VALUES ('542228', '洛扎县', '542200');
INSERT INTO `address` VALUES ('542229', '加查县', '542200');
INSERT INTO `address` VALUES ('542231', '隆子县', '542200');
INSERT INTO `address` VALUES ('542232', '错那县', '542200');
INSERT INTO `address` VALUES ('542233', '浪卡子县', '542200');
INSERT INTO `address` VALUES ('542400', '那曲地区', '540000');
INSERT INTO `address` VALUES ('542421', '那曲县', '542400');
INSERT INTO `address` VALUES ('542422', '嘉黎县', '542400');
INSERT INTO `address` VALUES ('542423', '比如县', '542400');
INSERT INTO `address` VALUES ('542424', '聂荣县', '542400');
INSERT INTO `address` VALUES ('542425', '安多县', '542400');
INSERT INTO `address` VALUES ('542426', '申扎县', '542400');
INSERT INTO `address` VALUES ('542427', '索县', '542400');
INSERT INTO `address` VALUES ('542428', '班戈县', '542400');
INSERT INTO `address` VALUES ('542429', '巴青县', '542400');
INSERT INTO `address` VALUES ('542430', '尼玛县', '542400');
INSERT INTO `address` VALUES ('542431', '双湖县', '542400');
INSERT INTO `address` VALUES ('542500', '阿里地区', '540000');
INSERT INTO `address` VALUES ('542521', '普兰县', '542500');
INSERT INTO `address` VALUES ('542522', '札达县', '542500');
INSERT INTO `address` VALUES ('542523', '噶尔县', '542500');
INSERT INTO `address` VALUES ('542524', '日土县', '542500');
INSERT INTO `address` VALUES ('542525', '革吉县', '542500');
INSERT INTO `address` VALUES ('542526', '改则县', '542500');
INSERT INTO `address` VALUES ('542527', '措勤县', '542500');
INSERT INTO `address` VALUES ('542600', '林芝地区', '540000');
INSERT INTO `address` VALUES ('542621', '林芝县', '542600');
INSERT INTO `address` VALUES ('542622', '工布江达县', '542600');
INSERT INTO `address` VALUES ('542623', '米林县', '542600');
INSERT INTO `address` VALUES ('542624', '墨脱县', '542600');
INSERT INTO `address` VALUES ('542625', '波密县', '542600');
INSERT INTO `address` VALUES ('542626', '察隅县', '542600');
INSERT INTO `address` VALUES ('542627', '朗县', '542600');
INSERT INTO `address` VALUES ('610000', '陕西省', '610000');
INSERT INTO `address` VALUES ('610100', '西安市', '610000');
INSERT INTO `address` VALUES ('610102', '新城区', '610100');
INSERT INTO `address` VALUES ('610103', '碑林区', '610100');
INSERT INTO `address` VALUES ('610104', '莲湖区', '610100');
INSERT INTO `address` VALUES ('610111', '灞桥区', '610100');
INSERT INTO `address` VALUES ('610112', '未央区', '610100');
INSERT INTO `address` VALUES ('610113', '雁塔区', '610100');
INSERT INTO `address` VALUES ('610114', '阎良区', '610100');
INSERT INTO `address` VALUES ('610115', '临潼区', '610100');
INSERT INTO `address` VALUES ('610116', '长安区', '610100');
INSERT INTO `address` VALUES ('610122', '蓝田县', '610100');
INSERT INTO `address` VALUES ('610124', '周至县', '610100');
INSERT INTO `address` VALUES ('610125', '户县', '610100');
INSERT INTO `address` VALUES ('610126', '高陵区', '610100');
INSERT INTO `address` VALUES ('610200', '铜川市', '610000');
INSERT INTO `address` VALUES ('610202', '王益区', '610200');
INSERT INTO `address` VALUES ('610203', '印台区', '610200');
INSERT INTO `address` VALUES ('610204', '耀州区', '610200');
INSERT INTO `address` VALUES ('610222', '宜君县', '610200');
INSERT INTO `address` VALUES ('610300', '宝鸡市', '610000');
INSERT INTO `address` VALUES ('610302', '渭滨区', '610300');
INSERT INTO `address` VALUES ('610303', '金台区', '610300');
INSERT INTO `address` VALUES ('610304', '陈仓区', '610300');
INSERT INTO `address` VALUES ('610322', '凤翔县', '610300');
INSERT INTO `address` VALUES ('610323', '岐山县', '610300');
INSERT INTO `address` VALUES ('610324', '扶风县', '610300');
INSERT INTO `address` VALUES ('610326', '眉县', '610300');
INSERT INTO `address` VALUES ('610327', '陇县', '610300');
INSERT INTO `address` VALUES ('610328', '千阳县', '610300');
INSERT INTO `address` VALUES ('610329', '麟游县', '610300');
INSERT INTO `address` VALUES ('610330', '凤县', '610300');
INSERT INTO `address` VALUES ('610331', '太白县', '610300');
INSERT INTO `address` VALUES ('610400', '咸阳市', '610000');
INSERT INTO `address` VALUES ('610402', '秦都区', '610400');
INSERT INTO `address` VALUES ('610403', '杨陵区', '610400');
INSERT INTO `address` VALUES ('610404', '渭城区', '610400');
INSERT INTO `address` VALUES ('610422', '三原县', '610400');
INSERT INTO `address` VALUES ('610423', '泾阳县', '610400');
INSERT INTO `address` VALUES ('610424', '乾县', '610400');
INSERT INTO `address` VALUES ('610425', '礼泉县', '610400');
INSERT INTO `address` VALUES ('610426', '永寿县', '610400');
INSERT INTO `address` VALUES ('610427', '彬县', '610400');
INSERT INTO `address` VALUES ('610428', '长武县', '610400');
INSERT INTO `address` VALUES ('610429', '旬邑县', '610400');
INSERT INTO `address` VALUES ('610430', '淳化县', '610400');
INSERT INTO `address` VALUES ('610431', '武功县', '610400');
INSERT INTO `address` VALUES ('610481', '兴平市', '610400');
INSERT INTO `address` VALUES ('610500', '渭南市', '610000');
INSERT INTO `address` VALUES ('610502', '临渭区', '610500');
INSERT INTO `address` VALUES ('610521', '华县', '610500');
INSERT INTO `address` VALUES ('610522', '潼关县', '610500');
INSERT INTO `address` VALUES ('610523', '大荔县', '610500');
INSERT INTO `address` VALUES ('610524', '合阳县', '610500');
INSERT INTO `address` VALUES ('610525', '澄城县', '610500');
INSERT INTO `address` VALUES ('610526', '蒲城县', '610500');
INSERT INTO `address` VALUES ('610527', '白水县', '610500');
INSERT INTO `address` VALUES ('610528', '富平县', '610500');
INSERT INTO `address` VALUES ('610581', '韩城市', '610500');
INSERT INTO `address` VALUES ('610582', '华阴市', '610500');
INSERT INTO `address` VALUES ('610600', '延安市', '610000');
INSERT INTO `address` VALUES ('610602', '宝塔区', '610600');
INSERT INTO `address` VALUES ('610621', '延长县', '610600');
INSERT INTO `address` VALUES ('610622', '延川县', '610600');
INSERT INTO `address` VALUES ('610623', '子长县', '610600');
INSERT INTO `address` VALUES ('610624', '安塞县', '610600');
INSERT INTO `address` VALUES ('610625', '志丹县', '610600');
INSERT INTO `address` VALUES ('610626', '吴起县', '610600');
INSERT INTO `address` VALUES ('610627', '甘泉县', '610600');
INSERT INTO `address` VALUES ('610628', '富县', '610600');
INSERT INTO `address` VALUES ('610629', '洛川县', '610600');
INSERT INTO `address` VALUES ('610630', '宜川县', '610600');
INSERT INTO `address` VALUES ('610631', '黄龙县', '610600');
INSERT INTO `address` VALUES ('610632', '黄陵县', '610600');
INSERT INTO `address` VALUES ('610700', '汉中市', '610000');
INSERT INTO `address` VALUES ('610702', '汉台区', '610700');
INSERT INTO `address` VALUES ('610721', '南郑县', '610700');
INSERT INTO `address` VALUES ('610722', '城固县', '610700');
INSERT INTO `address` VALUES ('610723', '洋县', '610700');
INSERT INTO `address` VALUES ('610724', '西乡县', '610700');
INSERT INTO `address` VALUES ('610725', '勉县', '610700');
INSERT INTO `address` VALUES ('610726', '宁强县', '610700');
INSERT INTO `address` VALUES ('610727', '略阳县', '610700');
INSERT INTO `address` VALUES ('610728', '镇巴县', '610700');
INSERT INTO `address` VALUES ('610729', '留坝县', '610700');
INSERT INTO `address` VALUES ('610730', '佛坪县', '610700');
INSERT INTO `address` VALUES ('610800', '榆林市', '610000');
INSERT INTO `address` VALUES ('610802', '榆阳区', '610800');
INSERT INTO `address` VALUES ('610821', '神木县', '610800');
INSERT INTO `address` VALUES ('610822', '府谷县', '610800');
INSERT INTO `address` VALUES ('610823', '横山县', '610800');
INSERT INTO `address` VALUES ('610824', '靖边县', '610800');
INSERT INTO `address` VALUES ('610825', '定边县', '610800');
INSERT INTO `address` VALUES ('610826', '绥德县', '610800');
INSERT INTO `address` VALUES ('610827', '米脂县', '610800');
INSERT INTO `address` VALUES ('610828', '佳县', '610800');
INSERT INTO `address` VALUES ('610829', '吴堡县', '610800');
INSERT INTO `address` VALUES ('610830', '清涧县', '610800');
INSERT INTO `address` VALUES ('610831', '子洲县', '610800');
INSERT INTO `address` VALUES ('610900', '安康市', '610000');
INSERT INTO `address` VALUES ('610902', '汉滨区', '610900');
INSERT INTO `address` VALUES ('610921', '汉阴县', '610900');
INSERT INTO `address` VALUES ('610922', '石泉县', '610900');
INSERT INTO `address` VALUES ('610923', '宁陕县', '610900');
INSERT INTO `address` VALUES ('610924', '紫阳县', '610900');
INSERT INTO `address` VALUES ('610925', '岚皋县', '610900');
INSERT INTO `address` VALUES ('610926', '平利县', '610900');
INSERT INTO `address` VALUES ('610927', '镇坪县', '610900');
INSERT INTO `address` VALUES ('610928', '旬阳县', '610900');
INSERT INTO `address` VALUES ('610929', '白河县', '610900');
INSERT INTO `address` VALUES ('611000', '商洛市', '610000');
INSERT INTO `address` VALUES ('611002', '商州区', '611000');
INSERT INTO `address` VALUES ('611021', '洛南县', '611000');
INSERT INTO `address` VALUES ('611022', '丹凤县', '611000');
INSERT INTO `address` VALUES ('611023', '商南县', '611000');
INSERT INTO `address` VALUES ('611024', '山阳县', '611000');
INSERT INTO `address` VALUES ('611025', '镇安县', '611000');
INSERT INTO `address` VALUES ('611026', '柞水县', '611000');
INSERT INTO `address` VALUES ('611100', '西咸新区', '610000');
INSERT INTO `address` VALUES ('611101', '空港新城', '611100');
INSERT INTO `address` VALUES ('611102', '沣东新城', '611100');
INSERT INTO `address` VALUES ('611103', '秦汉新城', '611100');
INSERT INTO `address` VALUES ('611104', '沣西新城', '611100');
INSERT INTO `address` VALUES ('611105', '泾河新城', '611100');
INSERT INTO `address` VALUES ('620000', '甘肃省', '620000');
INSERT INTO `address` VALUES ('620100', '兰州市', '620000');
INSERT INTO `address` VALUES ('620102', '城关区', '620100');
INSERT INTO `address` VALUES ('620103', '七里河区', '620100');
INSERT INTO `address` VALUES ('620104', '西固区', '620100');
INSERT INTO `address` VALUES ('620105', '安宁区', '620100');
INSERT INTO `address` VALUES ('620111', '红古区', '620100');
INSERT INTO `address` VALUES ('620121', '永登县', '620100');
INSERT INTO `address` VALUES ('620122', '皋兰县', '620100');
INSERT INTO `address` VALUES ('620123', '榆中县', '620100');
INSERT INTO `address` VALUES ('620200', '嘉峪关市', '620000');
INSERT INTO `address` VALUES ('620201', '雄关区', '620200');
INSERT INTO `address` VALUES ('620202', '长城区', '620200');
INSERT INTO `address` VALUES ('620203', '镜铁区', '620200');
INSERT INTO `address` VALUES ('620300', '金昌市', '620000');
INSERT INTO `address` VALUES ('620302', '金川区', '620300');
INSERT INTO `address` VALUES ('620321', '永昌县', '620300');
INSERT INTO `address` VALUES ('620400', '白银市', '620000');
INSERT INTO `address` VALUES ('620402', '白银区', '620400');
INSERT INTO `address` VALUES ('620403', '平川区', '620400');
INSERT INTO `address` VALUES ('620421', '靖远县', '620400');
INSERT INTO `address` VALUES ('620422', '会宁县', '620400');
INSERT INTO `address` VALUES ('620423', '景泰县', '620400');
INSERT INTO `address` VALUES ('620500', '天水市', '620000');
INSERT INTO `address` VALUES ('620502', '秦州区', '620500');
INSERT INTO `address` VALUES ('620503', '麦积区', '620500');
INSERT INTO `address` VALUES ('620521', '清水县', '620500');
INSERT INTO `address` VALUES ('620522', '秦安县', '620500');
INSERT INTO `address` VALUES ('620523', '甘谷县', '620500');
INSERT INTO `address` VALUES ('620524', '武山县', '620500');
INSERT INTO `address` VALUES ('620525', '张家川回族自治县', '620500');
INSERT INTO `address` VALUES ('620600', '武威市', '620000');
INSERT INTO `address` VALUES ('620602', '凉州区', '620600');
INSERT INTO `address` VALUES ('620621', '民勤县', '620600');
INSERT INTO `address` VALUES ('620622', '古浪县', '620600');
INSERT INTO `address` VALUES ('620623', '天祝藏族自治县', '620600');
INSERT INTO `address` VALUES ('620700', '张掖市', '620000');
INSERT INTO `address` VALUES ('620702', '甘州区', '620700');
INSERT INTO `address` VALUES ('620721', '肃南裕固族自治县', '620700');
INSERT INTO `address` VALUES ('620722', '民乐县', '620700');
INSERT INTO `address` VALUES ('620723', '临泽县', '620700');
INSERT INTO `address` VALUES ('620724', '高台县', '620700');
INSERT INTO `address` VALUES ('620725', '山丹县', '620700');
INSERT INTO `address` VALUES ('620800', '平凉市', '620000');
INSERT INTO `address` VALUES ('620802', '崆峒区', '620800');
INSERT INTO `address` VALUES ('620821', '泾川县', '620800');
INSERT INTO `address` VALUES ('620822', '灵台县', '620800');
INSERT INTO `address` VALUES ('620823', '崇信县', '620800');
INSERT INTO `address` VALUES ('620824', '华亭县', '620800');
INSERT INTO `address` VALUES ('620825', '庄浪县', '620800');
INSERT INTO `address` VALUES ('620826', '静宁县', '620800');
INSERT INTO `address` VALUES ('620900', '酒泉市', '620000');
INSERT INTO `address` VALUES ('620902', '肃州区', '620900');
INSERT INTO `address` VALUES ('620921', '金塔县', '620900');
INSERT INTO `address` VALUES ('620922', '瓜州县', '620900');
INSERT INTO `address` VALUES ('620923', '肃北蒙古族自治县', '620900');
INSERT INTO `address` VALUES ('620924', '阿克塞哈萨克族自治县', '620900');
INSERT INTO `address` VALUES ('620981', '玉门市', '620900');
INSERT INTO `address` VALUES ('620982', '敦煌市', '620900');
INSERT INTO `address` VALUES ('621000', '庆阳市', '620000');
INSERT INTO `address` VALUES ('621002', '西峰区', '621000');
INSERT INTO `address` VALUES ('621021', '庆城县', '621000');
INSERT INTO `address` VALUES ('621022', '环县', '621000');
INSERT INTO `address` VALUES ('621023', '华池县', '621000');
INSERT INTO `address` VALUES ('621024', '合水县', '621000');
INSERT INTO `address` VALUES ('621025', '正宁县', '621000');
INSERT INTO `address` VALUES ('621026', '宁县', '621000');
INSERT INTO `address` VALUES ('621027', '镇原县', '621000');
INSERT INTO `address` VALUES ('621100', '定西市', '620000');
INSERT INTO `address` VALUES ('621102', '安定区', '621100');
INSERT INTO `address` VALUES ('621121', '通渭县', '621100');
INSERT INTO `address` VALUES ('621122', '陇西县', '621100');
INSERT INTO `address` VALUES ('621123', '渭源县', '621100');
INSERT INTO `address` VALUES ('621124', '临洮县', '621100');
INSERT INTO `address` VALUES ('621125', '漳县', '621100');
INSERT INTO `address` VALUES ('621126', '岷县', '621100');
INSERT INTO `address` VALUES ('621200', '陇南市', '620000');
INSERT INTO `address` VALUES ('621202', '武都区', '621200');
INSERT INTO `address` VALUES ('621221', '成县', '621200');
INSERT INTO `address` VALUES ('621222', '文县', '621200');
INSERT INTO `address` VALUES ('621223', '宕昌县', '621200');
INSERT INTO `address` VALUES ('621224', '康县', '621200');
INSERT INTO `address` VALUES ('621225', '西和县', '621200');
INSERT INTO `address` VALUES ('621226', '礼县', '621200');
INSERT INTO `address` VALUES ('621227', '徽县', '621200');
INSERT INTO `address` VALUES ('621228', '两当县', '621200');
INSERT INTO `address` VALUES ('622900', '临夏回族自治州', '620000');
INSERT INTO `address` VALUES ('622901', '临夏市', '622900');
INSERT INTO `address` VALUES ('622921', '临夏县', '622900');
INSERT INTO `address` VALUES ('622922', '康乐县', '622900');
INSERT INTO `address` VALUES ('622923', '永靖县', '622900');
INSERT INTO `address` VALUES ('622924', '广河县', '622900');
INSERT INTO `address` VALUES ('622925', '和政县', '622900');
INSERT INTO `address` VALUES ('622926', '东乡族自治县', '622900');
INSERT INTO `address` VALUES ('622927', '积石山保安族东乡族撒拉族自治县', '622900');
INSERT INTO `address` VALUES ('623000', '甘南藏族自治州', '620000');
INSERT INTO `address` VALUES ('623001', '合作市', '623000');
INSERT INTO `address` VALUES ('623021', '临潭县', '623000');
INSERT INTO `address` VALUES ('623022', '卓尼县', '623000');
INSERT INTO `address` VALUES ('623023', '舟曲县', '623000');
INSERT INTO `address` VALUES ('623024', '迭部县', '623000');
INSERT INTO `address` VALUES ('623025', '玛曲县', '623000');
INSERT INTO `address` VALUES ('623026', '碌曲县', '623000');
INSERT INTO `address` VALUES ('623027', '夏河县', '623000');
INSERT INTO `address` VALUES ('630000', '青海省', '630000');
INSERT INTO `address` VALUES ('630100', '西宁市', '630000');
INSERT INTO `address` VALUES ('630102', '城东区', '630100');
INSERT INTO `address` VALUES ('630103', '城中区', '630100');
INSERT INTO `address` VALUES ('630104', '城西区', '630100');
INSERT INTO `address` VALUES ('630105', '城北区', '630100');
INSERT INTO `address` VALUES ('630121', '大通回族土族自治县', '630100');
INSERT INTO `address` VALUES ('630122', '湟中县', '630100');
INSERT INTO `address` VALUES ('630123', '湟源县', '630100');
INSERT INTO `address` VALUES ('630200', '海东市', '630000');
INSERT INTO `address` VALUES ('630202', '乐都区', '630200');
INSERT INTO `address` VALUES ('630221', '平安县', '630200');
INSERT INTO `address` VALUES ('630222', '民和回族土族自治县', '630200');
INSERT INTO `address` VALUES ('630223', '互助土族自治县', '630200');
INSERT INTO `address` VALUES ('630224', '化隆回族自治县', '630200');
INSERT INTO `address` VALUES ('630225', '循化撒拉族自治县', '630200');
INSERT INTO `address` VALUES ('632200', '海北藏族自治州', '630000');
INSERT INTO `address` VALUES ('632221', '门源回族自治县', '632200');
INSERT INTO `address` VALUES ('632222', '祁连县', '632200');
INSERT INTO `address` VALUES ('632223', '海晏县', '632200');
INSERT INTO `address` VALUES ('632224', '刚察县', '632200');
INSERT INTO `address` VALUES ('632300', '黄南藏族自治州', '630000');
INSERT INTO `address` VALUES ('632321', '同仁县', '632300');
INSERT INTO `address` VALUES ('632322', '尖扎县', '632300');
INSERT INTO `address` VALUES ('632323', '泽库县', '632300');
INSERT INTO `address` VALUES ('632324', '河南蒙古族自治县', '632300');
INSERT INTO `address` VALUES ('632500', '海南藏族自治州', '630000');
INSERT INTO `address` VALUES ('632521', '共和县', '632500');
INSERT INTO `address` VALUES ('632522', '同德县', '632500');
INSERT INTO `address` VALUES ('632523', '贵德县', '632500');
INSERT INTO `address` VALUES ('632524', '兴海县', '632500');
INSERT INTO `address` VALUES ('632525', '贵南县', '632500');
INSERT INTO `address` VALUES ('632600', '果洛藏族自治州', '630000');
INSERT INTO `address` VALUES ('632621', '玛沁县', '632600');
INSERT INTO `address` VALUES ('632622', '班玛县', '632600');
INSERT INTO `address` VALUES ('632623', '甘德县', '632600');
INSERT INTO `address` VALUES ('632624', '达日县', '632600');
INSERT INTO `address` VALUES ('632625', '久治县', '632600');
INSERT INTO `address` VALUES ('632626', '玛多县', '632600');
INSERT INTO `address` VALUES ('632700', '玉树藏族自治州', '630000');
INSERT INTO `address` VALUES ('632701', '玉树市', '632700');
INSERT INTO `address` VALUES ('632722', '杂多县', '632700');
INSERT INTO `address` VALUES ('632723', '称多县', '632700');
INSERT INTO `address` VALUES ('632724', '治多县', '632700');
INSERT INTO `address` VALUES ('632725', '囊谦县', '632700');
INSERT INTO `address` VALUES ('632726', '曲麻莱县', '632700');
INSERT INTO `address` VALUES ('632800', '海西蒙古族藏族自治州', '630000');
INSERT INTO `address` VALUES ('632801', '格尔木市', '632800');
INSERT INTO `address` VALUES ('632802', '德令哈市', '632800');
INSERT INTO `address` VALUES ('632821', '乌兰县', '632800');
INSERT INTO `address` VALUES ('632822', '都兰县', '632800');
INSERT INTO `address` VALUES ('632823', '天峻县', '632800');
INSERT INTO `address` VALUES ('640000', '宁夏回族自治区', '640000');
INSERT INTO `address` VALUES ('640100', '银川市', '640000');
INSERT INTO `address` VALUES ('640104', '兴庆区', '640100');
INSERT INTO `address` VALUES ('640105', '西夏区', '640100');
INSERT INTO `address` VALUES ('640106', '金凤区', '640100');
INSERT INTO `address` VALUES ('640121', '永宁县', '640100');
INSERT INTO `address` VALUES ('640122', '贺兰县', '640100');
INSERT INTO `address` VALUES ('640181', '灵武市', '640100');
INSERT INTO `address` VALUES ('640200', '石嘴山市', '640000');
INSERT INTO `address` VALUES ('640202', '大武口区', '640200');
INSERT INTO `address` VALUES ('640205', '惠农区', '640200');
INSERT INTO `address` VALUES ('640221', '平罗县', '640200');
INSERT INTO `address` VALUES ('640300', '吴忠市', '640000');
INSERT INTO `address` VALUES ('640302', '利通区', '640300');
INSERT INTO `address` VALUES ('640303', '红寺堡区', '640300');
INSERT INTO `address` VALUES ('640323', '盐池县', '640300');
INSERT INTO `address` VALUES ('640324', '同心县', '640300');
INSERT INTO `address` VALUES ('640381', '青铜峡市', '640300');
INSERT INTO `address` VALUES ('640400', '固原市', '640000');
INSERT INTO `address` VALUES ('640402', '原州区', '640400');
INSERT INTO `address` VALUES ('640422', '西吉县', '640400');
INSERT INTO `address` VALUES ('640423', '隆德县', '640400');
INSERT INTO `address` VALUES ('640424', '泾源县', '640400');
INSERT INTO `address` VALUES ('640425', '彭阳县', '640400');
INSERT INTO `address` VALUES ('640500', '中卫市', '640000');
INSERT INTO `address` VALUES ('640502', '沙坡头区', '640500');
INSERT INTO `address` VALUES ('640521', '中宁县', '640500');
INSERT INTO `address` VALUES ('640522', '海原县', '640500');
INSERT INTO `address` VALUES ('650000', '新疆维吾尔自治区', '650000');
INSERT INTO `address` VALUES ('650100', '乌鲁木齐市', '650000');
INSERT INTO `address` VALUES ('650102', '天山区', '650100');
INSERT INTO `address` VALUES ('650103', '沙依巴克区', '650100');
INSERT INTO `address` VALUES ('650104', '新市区', '650100');
INSERT INTO `address` VALUES ('650105', '水磨沟区', '650100');
INSERT INTO `address` VALUES ('650106', '头屯河区', '650100');
INSERT INTO `address` VALUES ('650107', '达坂城区', '650100');
INSERT INTO `address` VALUES ('650109', '米东区', '650100');
INSERT INTO `address` VALUES ('650121', '乌鲁木齐县', '650100');
INSERT INTO `address` VALUES ('650200', '克拉玛依市', '650000');
INSERT INTO `address` VALUES ('650202', '独山子区', '650200');
INSERT INTO `address` VALUES ('650203', '克拉玛依区', '650200');
INSERT INTO `address` VALUES ('650204', '白碱滩区', '650200');
INSERT INTO `address` VALUES ('650205', '乌尔禾区', '650200');
INSERT INTO `address` VALUES ('652100', '吐鲁番地区', '650000');
INSERT INTO `address` VALUES ('652101', '吐鲁番市', '652100');
INSERT INTO `address` VALUES ('652122', '鄯善县', '652100');
INSERT INTO `address` VALUES ('652123', '托克逊县', '652100');
INSERT INTO `address` VALUES ('652200', '哈密地区', '650000');
INSERT INTO `address` VALUES ('652201', '哈密市', '652200');
INSERT INTO `address` VALUES ('652222', '巴里坤哈萨克自治县', '652200');
INSERT INTO `address` VALUES ('652223', '伊吾县', '652200');
INSERT INTO `address` VALUES ('652300', '昌吉回族自治州', '650000');
INSERT INTO `address` VALUES ('652301', '昌吉市', '652300');
INSERT INTO `address` VALUES ('652302', '阜康市', '652300');
INSERT INTO `address` VALUES ('652323', '呼图壁县', '652300');
INSERT INTO `address` VALUES ('652324', '玛纳斯县', '652300');
INSERT INTO `address` VALUES ('652325', '奇台县', '652300');
INSERT INTO `address` VALUES ('652327', '吉木萨尔县', '652300');
INSERT INTO `address` VALUES ('652328', '木垒哈萨克自治县', '652300');
INSERT INTO `address` VALUES ('652700', '博尔塔拉蒙古自治州', '650000');
INSERT INTO `address` VALUES ('652701', '博乐市', '652700');
INSERT INTO `address` VALUES ('652702', '阿拉山口市', '652700');
INSERT INTO `address` VALUES ('652722', '精河县', '652700');
INSERT INTO `address` VALUES ('652723', '温泉县', '652700');
INSERT INTO `address` VALUES ('652800', '巴音郭楞蒙古自治州', '650000');
INSERT INTO `address` VALUES ('652801', '库尔勒市', '652800');
INSERT INTO `address` VALUES ('652822', '轮台县', '652800');
INSERT INTO `address` VALUES ('652823', '尉犁县', '652800');
INSERT INTO `address` VALUES ('652824', '若羌县', '652800');
INSERT INTO `address` VALUES ('652825', '且末县', '652800');
INSERT INTO `address` VALUES ('652826', '焉耆回族自治县', '652800');
INSERT INTO `address` VALUES ('652827', '和静县', '652800');
INSERT INTO `address` VALUES ('652828', '和硕县', '652800');
INSERT INTO `address` VALUES ('652829', '博湖县', '652800');
INSERT INTO `address` VALUES ('652900', '阿克苏地区', '650000');
INSERT INTO `address` VALUES ('652901', '阿克苏市', '652900');
INSERT INTO `address` VALUES ('652922', '温宿县', '652900');
INSERT INTO `address` VALUES ('652923', '库车县', '652900');
INSERT INTO `address` VALUES ('652924', '沙雅县', '652900');
INSERT INTO `address` VALUES ('652925', '新和县', '652900');
INSERT INTO `address` VALUES ('652926', '拜城县', '652900');
INSERT INTO `address` VALUES ('652927', '乌什县', '652900');
INSERT INTO `address` VALUES ('652928', '阿瓦提县', '652900');
INSERT INTO `address` VALUES ('652929', '柯坪县', '652900');
INSERT INTO `address` VALUES ('653000', '克孜勒苏柯尔克孜自治州', '650000');
INSERT INTO `address` VALUES ('653001', '阿图什市', '653000');
INSERT INTO `address` VALUES ('653022', '阿克陶县', '653000');
INSERT INTO `address` VALUES ('653023', '阿合奇县', '653000');
INSERT INTO `address` VALUES ('653024', '乌恰县', '653000');
INSERT INTO `address` VALUES ('653100', '喀什地区', '650000');
INSERT INTO `address` VALUES ('653101', '喀什市', '653100');
INSERT INTO `address` VALUES ('653121', '疏附县', '653100');
INSERT INTO `address` VALUES ('653122', '疏勒县', '653100');
INSERT INTO `address` VALUES ('653123', '英吉沙县', '653100');
INSERT INTO `address` VALUES ('653124', '泽普县', '653100');
INSERT INTO `address` VALUES ('653125', '莎车县', '653100');
INSERT INTO `address` VALUES ('653126', '叶城县', '653100');
INSERT INTO `address` VALUES ('653127', '麦盖提县', '653100');
INSERT INTO `address` VALUES ('653128', '岳普湖县', '653100');
INSERT INTO `address` VALUES ('653129', '伽师县', '653100');
INSERT INTO `address` VALUES ('653130', '巴楚县', '653100');
INSERT INTO `address` VALUES ('653131', '塔什库尔干塔吉克自治县', '653100');
INSERT INTO `address` VALUES ('653200', '和田地区', '650000');
INSERT INTO `address` VALUES ('653201', '和田市', '653200');
INSERT INTO `address` VALUES ('653221', '和田县', '653200');
INSERT INTO `address` VALUES ('653222', '墨玉县', '653200');
INSERT INTO `address` VALUES ('653223', '皮山县', '653200');
INSERT INTO `address` VALUES ('653224', '洛浦县', '653200');
INSERT INTO `address` VALUES ('653225', '策勒县', '653200');
INSERT INTO `address` VALUES ('653226', '于田县', '653200');
INSERT INTO `address` VALUES ('653227', '民丰县', '653200');
INSERT INTO `address` VALUES ('654000', '伊犁哈萨克自治州', '650000');
INSERT INTO `address` VALUES ('654002', '伊宁市', '654000');
INSERT INTO `address` VALUES ('654003', '奎屯市', '654000');
INSERT INTO `address` VALUES ('654004', '霍尔果斯市', '654000');
INSERT INTO `address` VALUES ('654021', '伊宁县', '654000');
INSERT INTO `address` VALUES ('654022', '察布查尔锡伯自治县', '654000');
INSERT INTO `address` VALUES ('654023', '霍城县', '654000');
INSERT INTO `address` VALUES ('654024', '巩留县', '654000');
INSERT INTO `address` VALUES ('654025', '新源县', '654000');
INSERT INTO `address` VALUES ('654026', '昭苏县', '654000');
INSERT INTO `address` VALUES ('654027', '特克斯县', '654000');
INSERT INTO `address` VALUES ('654028', '尼勒克县', '654000');
INSERT INTO `address` VALUES ('654200', '塔城地区', '650000');
INSERT INTO `address` VALUES ('654201', '塔城市', '654200');
INSERT INTO `address` VALUES ('654202', '乌苏市', '654200');
INSERT INTO `address` VALUES ('654221', '额敏县', '654200');
INSERT INTO `address` VALUES ('654223', '沙湾县', '654200');
INSERT INTO `address` VALUES ('654224', '托里县', '654200');
INSERT INTO `address` VALUES ('654225', '裕民县', '654200');
INSERT INTO `address` VALUES ('654226', '和布克赛尔蒙古自治县', '654200');
INSERT INTO `address` VALUES ('654300', '阿勒泰地区', '650000');
INSERT INTO `address` VALUES ('654301', '阿勒泰市', '654300');
INSERT INTO `address` VALUES ('654321', '布尔津县', '654300');
INSERT INTO `address` VALUES ('654322', '富蕴县', '654300');
INSERT INTO `address` VALUES ('654323', '福海县', '654300');
INSERT INTO `address` VALUES ('654324', '哈巴河县', '654300');
INSERT INTO `address` VALUES ('654325', '青河县', '654300');
INSERT INTO `address` VALUES ('654326', '吉木乃县', '654300');
INSERT INTO `address` VALUES ('659000', '直辖县级', '650000');
INSERT INTO `address` VALUES ('659001', '石河子市', '659000');
INSERT INTO `address` VALUES ('659002', '阿拉尔市', '659000');
INSERT INTO `address` VALUES ('659003', '图木舒克市', '659000');
INSERT INTO `address` VALUES ('659004', '五家渠市', '659000');
INSERT INTO `address` VALUES ('659005', '北屯市', '659000');
INSERT INTO `address` VALUES ('659006', '铁门关市', '659000');
INSERT INTO `address` VALUES ('659007', '双河市', '659000');
INSERT INTO `address` VALUES ('710000', '台湾', '710000');
INSERT INTO `address` VALUES ('710100', '台北市', '710000');
INSERT INTO `address` VALUES ('710101', '松山区', '710100');
INSERT INTO `address` VALUES ('710102', '信义区', '710100');
INSERT INTO `address` VALUES ('710103', '大安区', '710100');
INSERT INTO `address` VALUES ('710104', '中山区', '710100');
INSERT INTO `address` VALUES ('710105', '中正区', '710100');
INSERT INTO `address` VALUES ('710106', '大同区', '710100');
INSERT INTO `address` VALUES ('710107', '万华区', '710100');
INSERT INTO `address` VALUES ('710108', '文山区', '710100');
INSERT INTO `address` VALUES ('710109', '南港区', '710100');
INSERT INTO `address` VALUES ('710110', '内湖区', '710100');
INSERT INTO `address` VALUES ('710111', '士林区', '710100');
INSERT INTO `address` VALUES ('710112', '北投区', '710100');
INSERT INTO `address` VALUES ('710200', '高雄市', '710000');
INSERT INTO `address` VALUES ('710201', '盐埕区', '710200');
INSERT INTO `address` VALUES ('710202', '鼓山区', '710200');
INSERT INTO `address` VALUES ('710203', '左营区', '710200');
INSERT INTO `address` VALUES ('710204', '楠梓区', '710200');
INSERT INTO `address` VALUES ('710205', '三民区', '710200');
INSERT INTO `address` VALUES ('710206', '新兴区', '710200');
INSERT INTO `address` VALUES ('710207', '前金区', '710200');
INSERT INTO `address` VALUES ('710208', '苓雅区', '710200');
INSERT INTO `address` VALUES ('710209', '前镇区', '710200');
INSERT INTO `address` VALUES ('710210', '旗津区', '710200');
INSERT INTO `address` VALUES ('710211', '小港区', '710200');
INSERT INTO `address` VALUES ('710212', '凤山区', '710200');
INSERT INTO `address` VALUES ('710213', '林园区', '710200');
INSERT INTO `address` VALUES ('710214', '大寮区', '710200');
INSERT INTO `address` VALUES ('710215', '大树区', '710200');
INSERT INTO `address` VALUES ('710216', '大社区', '710200');
INSERT INTO `address` VALUES ('710217', '仁武区', '710200');
INSERT INTO `address` VALUES ('710218', '鸟松区', '710200');
INSERT INTO `address` VALUES ('710219', '冈山区', '710200');
INSERT INTO `address` VALUES ('710220', '桥头区', '710200');
INSERT INTO `address` VALUES ('710221', '燕巢区', '710200');
INSERT INTO `address` VALUES ('710222', '田寮区', '710200');
INSERT INTO `address` VALUES ('710223', '阿莲区', '710200');
INSERT INTO `address` VALUES ('710224', '路竹区', '710200');
INSERT INTO `address` VALUES ('710225', '湖内区', '710200');
INSERT INTO `address` VALUES ('710226', '茄萣区', '710200');
INSERT INTO `address` VALUES ('710227', '永安区', '710200');
INSERT INTO `address` VALUES ('710228', '弥陀区', '710200');
INSERT INTO `address` VALUES ('710229', '梓官区', '710200');
INSERT INTO `address` VALUES ('710230', '旗山区', '710200');
INSERT INTO `address` VALUES ('710231', '美浓区', '710200');
INSERT INTO `address` VALUES ('710232', '六龟区', '710200');
INSERT INTO `address` VALUES ('710233', '甲仙区', '710200');
INSERT INTO `address` VALUES ('710234', '杉林区', '710200');
INSERT INTO `address` VALUES ('710235', '内门区', '710200');
INSERT INTO `address` VALUES ('710236', '茂林区', '710200');
INSERT INTO `address` VALUES ('710237', '桃源区', '710200');
INSERT INTO `address` VALUES ('710238', '那玛夏区', '710200');
INSERT INTO `address` VALUES ('710300', '基隆市', '710000');
INSERT INTO `address` VALUES ('710301', '中正区', '710300');
INSERT INTO `address` VALUES ('710302', '七堵区', '710300');
INSERT INTO `address` VALUES ('710303', '暖暖区', '710300');
INSERT INTO `address` VALUES ('710304', '仁爱区', '710300');
INSERT INTO `address` VALUES ('710305', '中山区', '710300');
INSERT INTO `address` VALUES ('710306', '安乐区', '710300');
INSERT INTO `address` VALUES ('710307', '信义区', '710300');
INSERT INTO `address` VALUES ('710400', '台中市', '710000');
INSERT INTO `address` VALUES ('710401', '中区', '710400');
INSERT INTO `address` VALUES ('710402', '东区', '710400');
INSERT INTO `address` VALUES ('710403', '南区', '710400');
INSERT INTO `address` VALUES ('710404', '西区', '710400');
INSERT INTO `address` VALUES ('710405', '北区', '710400');
INSERT INTO `address` VALUES ('710406', '西屯区', '710400');
INSERT INTO `address` VALUES ('710407', '南屯区', '710400');
INSERT INTO `address` VALUES ('710408', '北屯区', '710400');
INSERT INTO `address` VALUES ('710409', '丰原区', '710400');
INSERT INTO `address` VALUES ('710410', '东势区', '710400');
INSERT INTO `address` VALUES ('710411', '大甲区', '710400');
INSERT INTO `address` VALUES ('710412', '清水区', '710400');
INSERT INTO `address` VALUES ('710413', '沙鹿区', '710400');
INSERT INTO `address` VALUES ('710414', '梧栖区', '710400');
INSERT INTO `address` VALUES ('710415', '后里区', '710400');
INSERT INTO `address` VALUES ('710416', '神冈区', '710400');
INSERT INTO `address` VALUES ('710417', '潭子区', '710400');
INSERT INTO `address` VALUES ('710418', '大雅区', '710400');
INSERT INTO `address` VALUES ('710419', '新社区', '710400');
INSERT INTO `address` VALUES ('710420', '石冈区', '710400');
INSERT INTO `address` VALUES ('710421', '外埔区', '710400');
INSERT INTO `address` VALUES ('710422', '大安区', '710400');
INSERT INTO `address` VALUES ('710423', '乌日区', '710400');
INSERT INTO `address` VALUES ('710424', '大肚区', '710400');
INSERT INTO `address` VALUES ('710425', '龙井区', '710400');
INSERT INTO `address` VALUES ('710426', '雾峰区', '710400');
INSERT INTO `address` VALUES ('710427', '太平区', '710400');
INSERT INTO `address` VALUES ('710428', '大里区', '710400');
INSERT INTO `address` VALUES ('710429', '和平区', '710400');
INSERT INTO `address` VALUES ('710500', '台南市', '710000');
INSERT INTO `address` VALUES ('710501', '东区', '710500');
INSERT INTO `address` VALUES ('710502', '南区', '710500');
INSERT INTO `address` VALUES ('710504', '北区', '710500');
INSERT INTO `address` VALUES ('710506', '安南区', '710500');
INSERT INTO `address` VALUES ('710507', '安平区', '710500');
INSERT INTO `address` VALUES ('710508', '中西区', '710500');
INSERT INTO `address` VALUES ('710509', '新营区', '710500');
INSERT INTO `address` VALUES ('710510', '盐水区', '710500');
INSERT INTO `address` VALUES ('710511', '白河区', '710500');
INSERT INTO `address` VALUES ('710512', '柳营区', '710500');
INSERT INTO `address` VALUES ('710513', '后壁区', '710500');
INSERT INTO `address` VALUES ('710514', '东山区', '710500');
INSERT INTO `address` VALUES ('710515', '麻豆区', '710500');
INSERT INTO `address` VALUES ('710516', '下营区', '710500');
INSERT INTO `address` VALUES ('710517', '六甲区', '710500');
INSERT INTO `address` VALUES ('710518', '官田区', '710500');
INSERT INTO `address` VALUES ('710519', '大内区', '710500');
INSERT INTO `address` VALUES ('710520', '佳里区', '710500');
INSERT INTO `address` VALUES ('710521', '学甲区', '710500');
INSERT INTO `address` VALUES ('710522', '西港区', '710500');
INSERT INTO `address` VALUES ('710523', '七股区', '710500');
INSERT INTO `address` VALUES ('710524', '将军区', '710500');
INSERT INTO `address` VALUES ('710525', '北门区', '710500');
INSERT INTO `address` VALUES ('710526', '新化区', '710500');
INSERT INTO `address` VALUES ('710527', '善化区', '710500');
INSERT INTO `address` VALUES ('710528', '新市区', '710500');
INSERT INTO `address` VALUES ('710529', '安定区', '710500');
INSERT INTO `address` VALUES ('710530', '山上区', '710500');
INSERT INTO `address` VALUES ('710531', '玉井区', '710500');
INSERT INTO `address` VALUES ('710532', '楠西区', '710500');
INSERT INTO `address` VALUES ('710533', '南化区', '710500');
INSERT INTO `address` VALUES ('710534', '左镇区', '710500');
INSERT INTO `address` VALUES ('710535', '仁德区', '710500');
INSERT INTO `address` VALUES ('710536', '归仁区', '710500');
INSERT INTO `address` VALUES ('710537', '关庙区', '710500');
INSERT INTO `address` VALUES ('710538', '龙崎区', '710500');
INSERT INTO `address` VALUES ('710539', '永康区', '710500');
INSERT INTO `address` VALUES ('710600', '新竹市', '710000');
INSERT INTO `address` VALUES ('710601', '东区', '710600');
INSERT INTO `address` VALUES ('710602', '北区', '710600');
INSERT INTO `address` VALUES ('710603', '香山区', '710600');
INSERT INTO `address` VALUES ('710700', '嘉义市', '710000');
INSERT INTO `address` VALUES ('710701', '东区', '710700');
INSERT INTO `address` VALUES ('710702', '西区', '710700');
INSERT INTO `address` VALUES ('710800', '新北市', '710000');
INSERT INTO `address` VALUES ('710801', '板桥区', '710800');
INSERT INTO `address` VALUES ('710802', '三重区', '710800');
INSERT INTO `address` VALUES ('710803', '中和区', '710800');
INSERT INTO `address` VALUES ('710804', '永和区', '710800');
INSERT INTO `address` VALUES ('710805', '新庄区', '710800');
INSERT INTO `address` VALUES ('710806', '新店区', '710800');
INSERT INTO `address` VALUES ('710807', '树林区', '710800');
INSERT INTO `address` VALUES ('710808', '莺歌区', '710800');
INSERT INTO `address` VALUES ('710809', '三峡区', '710800');
INSERT INTO `address` VALUES ('710810', '淡水区', '710800');
INSERT INTO `address` VALUES ('710811', '汐止区', '710800');
INSERT INTO `address` VALUES ('710812', '瑞芳区', '710800');
INSERT INTO `address` VALUES ('710813', '土城区', '710800');
INSERT INTO `address` VALUES ('710814', '芦洲区', '710800');
INSERT INTO `address` VALUES ('710815', '五股区', '710800');
INSERT INTO `address` VALUES ('710816', '泰山区', '710800');
INSERT INTO `address` VALUES ('710817', '林口区', '710800');
INSERT INTO `address` VALUES ('710818', '深坑区', '710800');
INSERT INTO `address` VALUES ('710819', '石碇区', '710800');
INSERT INTO `address` VALUES ('710820', '坪林区', '710800');
INSERT INTO `address` VALUES ('710821', '三芝区', '710800');
INSERT INTO `address` VALUES ('710822', '石门区', '710800');
INSERT INTO `address` VALUES ('710823', '八里区', '710800');
INSERT INTO `address` VALUES ('710824', '平溪区', '710800');
INSERT INTO `address` VALUES ('710825', '双溪区', '710800');
INSERT INTO `address` VALUES ('710826', '贡寮区', '710800');
INSERT INTO `address` VALUES ('710827', '金山区', '710800');
INSERT INTO `address` VALUES ('710828', '万里区', '710800');
INSERT INTO `address` VALUES ('710829', '乌来区', '710800');
INSERT INTO `address` VALUES ('712200', '宜兰县', '710000');
INSERT INTO `address` VALUES ('712201', '宜兰市', '712200');
INSERT INTO `address` VALUES ('712221', '罗东镇', '712200');
INSERT INTO `address` VALUES ('712222', '苏澳镇', '712200');
INSERT INTO `address` VALUES ('712223', '头城镇', '712200');
INSERT INTO `address` VALUES ('712224', '礁溪乡', '712200');
INSERT INTO `address` VALUES ('712225', '壮围乡', '712200');
INSERT INTO `address` VALUES ('712226', '员山乡', '712200');
INSERT INTO `address` VALUES ('712227', '冬山乡', '712200');
INSERT INTO `address` VALUES ('712228', '五结乡', '712200');
INSERT INTO `address` VALUES ('712229', '三星乡', '712200');
INSERT INTO `address` VALUES ('712230', '大同乡', '712200');
INSERT INTO `address` VALUES ('712231', '南澳乡', '712200');
INSERT INTO `address` VALUES ('712300', '桃园县', '710000');
INSERT INTO `address` VALUES ('712301', '桃园市', '712300');
INSERT INTO `address` VALUES ('712302', '中坜市', '712300');
INSERT INTO `address` VALUES ('712303', '平镇市', '712300');
INSERT INTO `address` VALUES ('712304', '八德市', '712300');
INSERT INTO `address` VALUES ('712305', '杨梅市', '712300');
INSERT INTO `address` VALUES ('712306', '芦竹市', '712300');
INSERT INTO `address` VALUES ('712321', '大溪镇', '712300');
INSERT INTO `address` VALUES ('712324', '大园乡', '712300');
INSERT INTO `address` VALUES ('712325', '龟山乡', '712300');
INSERT INTO `address` VALUES ('712327', '龙潭乡', '712300');
INSERT INTO `address` VALUES ('712329', '新屋乡', '712300');
INSERT INTO `address` VALUES ('712330', '观音乡', '712300');
INSERT INTO `address` VALUES ('712331', '复兴乡', '712300');
INSERT INTO `address` VALUES ('712400', '新竹县', '710000');
INSERT INTO `address` VALUES ('712401', '竹北市', '712400');
INSERT INTO `address` VALUES ('712421', '竹东镇', '712400');
INSERT INTO `address` VALUES ('712422', '新埔镇', '712400');
INSERT INTO `address` VALUES ('712423', '关西镇', '712400');
INSERT INTO `address` VALUES ('712424', '湖口乡', '712400');
INSERT INTO `address` VALUES ('712425', '新丰乡', '712400');
INSERT INTO `address` VALUES ('712426', '芎林乡', '712400');
INSERT INTO `address` VALUES ('712427', '横山乡', '712400');
INSERT INTO `address` VALUES ('712428', '北埔乡', '712400');
INSERT INTO `address` VALUES ('712429', '宝山乡', '712400');
INSERT INTO `address` VALUES ('712430', '峨眉乡', '712400');
INSERT INTO `address` VALUES ('712431', '尖石乡', '712400');
INSERT INTO `address` VALUES ('712432', '五峰乡', '712400');
INSERT INTO `address` VALUES ('712500', '苗栗县', '710000');
INSERT INTO `address` VALUES ('712501', '苗栗市', '712500');
INSERT INTO `address` VALUES ('712521', '苑里镇', '712500');
INSERT INTO `address` VALUES ('712522', '通霄镇', '712500');
INSERT INTO `address` VALUES ('712523', '竹南镇', '712500');
INSERT INTO `address` VALUES ('712524', '头份镇', '712500');
INSERT INTO `address` VALUES ('712525', '后龙镇', '712500');
INSERT INTO `address` VALUES ('712526', '卓兰镇', '712500');
INSERT INTO `address` VALUES ('712527', '大湖乡', '712500');
INSERT INTO `address` VALUES ('712528', '公馆乡', '712500');
INSERT INTO `address` VALUES ('712529', '铜锣乡', '712500');
INSERT INTO `address` VALUES ('712530', '南庄乡', '712500');
INSERT INTO `address` VALUES ('712531', '头屋乡', '712500');
INSERT INTO `address` VALUES ('712532', '三义乡', '712500');
INSERT INTO `address` VALUES ('712533', '西湖乡', '712500');
INSERT INTO `address` VALUES ('712534', '造桥乡', '712500');
INSERT INTO `address` VALUES ('712535', '三湾乡', '712500');
INSERT INTO `address` VALUES ('712536', '狮潭乡', '712500');
INSERT INTO `address` VALUES ('712537', '泰安乡', '712500');
INSERT INTO `address` VALUES ('712700', '彰化县', '710000');
INSERT INTO `address` VALUES ('712701', '彰化市', '712700');
INSERT INTO `address` VALUES ('712721', '鹿港镇', '712700');
INSERT INTO `address` VALUES ('712722', '和美镇', '712700');
INSERT INTO `address` VALUES ('712723', '线西乡', '712700');
INSERT INTO `address` VALUES ('712724', '伸港乡', '712700');
INSERT INTO `address` VALUES ('712725', '福兴乡', '712700');
INSERT INTO `address` VALUES ('712726', '秀水乡', '712700');
INSERT INTO `address` VALUES ('712727', '花坛乡', '712700');
INSERT INTO `address` VALUES ('712728', '芬园乡', '712700');
INSERT INTO `address` VALUES ('712729', '员林镇', '712700');
INSERT INTO `address` VALUES ('712730', '溪湖镇', '712700');
INSERT INTO `address` VALUES ('712731', '田中镇', '712700');
INSERT INTO `address` VALUES ('712732', '大村乡', '712700');
INSERT INTO `address` VALUES ('712733', '埔盐乡', '712700');
INSERT INTO `address` VALUES ('712734', '埔心乡', '712700');
INSERT INTO `address` VALUES ('712735', '永靖乡', '712700');
INSERT INTO `address` VALUES ('712736', '社头乡', '712700');
INSERT INTO `address` VALUES ('712737', '二水乡', '712700');
INSERT INTO `address` VALUES ('712738', '北斗镇', '712700');
INSERT INTO `address` VALUES ('712739', '二林镇', '712700');
INSERT INTO `address` VALUES ('712740', '田尾乡', '712700');
INSERT INTO `address` VALUES ('712741', '埤头乡', '712700');
INSERT INTO `address` VALUES ('712742', '芳苑乡', '712700');
INSERT INTO `address` VALUES ('712743', '大城乡', '712700');
INSERT INTO `address` VALUES ('712744', '竹塘乡', '712700');
INSERT INTO `address` VALUES ('712745', '溪州乡', '712700');
INSERT INTO `address` VALUES ('712800', '南投县', '710000');
INSERT INTO `address` VALUES ('712801', '南投市', '712800');
INSERT INTO `address` VALUES ('712821', '埔里镇', '712800');
INSERT INTO `address` VALUES ('712822', '草屯镇', '712800');
INSERT INTO `address` VALUES ('712823', '竹山镇', '712800');
INSERT INTO `address` VALUES ('712824', '集集镇', '712800');
INSERT INTO `address` VALUES ('712825', '名间乡', '712800');
INSERT INTO `address` VALUES ('712826', '鹿谷乡', '712800');
INSERT INTO `address` VALUES ('712827', '中寮乡', '712800');
INSERT INTO `address` VALUES ('712828', '鱼池乡', '712800');
INSERT INTO `address` VALUES ('712829', '国姓乡', '712800');
INSERT INTO `address` VALUES ('712830', '水里乡', '712800');
INSERT INTO `address` VALUES ('712831', '信义乡', '712800');
INSERT INTO `address` VALUES ('712832', '仁爱乡', '712800');
INSERT INTO `address` VALUES ('712900', '云林县', '710000');
INSERT INTO `address` VALUES ('712901', '斗六市', '712900');
INSERT INTO `address` VALUES ('712921', '斗南镇', '712900');
INSERT INTO `address` VALUES ('712922', '虎尾镇', '712900');
INSERT INTO `address` VALUES ('712923', '西螺镇', '712900');
INSERT INTO `address` VALUES ('712924', '土库镇', '712900');
INSERT INTO `address` VALUES ('712925', '北港镇', '712900');
INSERT INTO `address` VALUES ('712926', '古坑乡', '712900');
INSERT INTO `address` VALUES ('712927', '大埤乡', '712900');
INSERT INTO `address` VALUES ('712928', '莿桐乡', '712900');
INSERT INTO `address` VALUES ('712929', '林内乡', '712900');
INSERT INTO `address` VALUES ('712930', '二仑乡', '712900');
INSERT INTO `address` VALUES ('712931', '仑背乡', '712900');
INSERT INTO `address` VALUES ('712932', '麦寮乡', '712900');
INSERT INTO `address` VALUES ('712933', '东势乡', '712900');
INSERT INTO `address` VALUES ('712934', '褒忠乡', '712900');
INSERT INTO `address` VALUES ('712935', '台西乡', '712900');
INSERT INTO `address` VALUES ('712936', '元长乡', '712900');
INSERT INTO `address` VALUES ('712937', '四湖乡', '712900');
INSERT INTO `address` VALUES ('712938', '口湖乡', '712900');
INSERT INTO `address` VALUES ('712939', '水林乡', '712900');
INSERT INTO `address` VALUES ('713000', '嘉义县', '710000');
INSERT INTO `address` VALUES ('713001', '太保市', '713000');
INSERT INTO `address` VALUES ('713002', '朴子市', '713000');
INSERT INTO `address` VALUES ('713023', '布袋镇', '713000');
INSERT INTO `address` VALUES ('713024', '大林镇', '713000');
INSERT INTO `address` VALUES ('713025', '民雄乡', '713000');
INSERT INTO `address` VALUES ('713026', '溪口乡', '713000');
INSERT INTO `address` VALUES ('713027', '新港乡', '713000');
INSERT INTO `address` VALUES ('713028', '六脚乡', '713000');
INSERT INTO `address` VALUES ('713029', '东石乡', '713000');
INSERT INTO `address` VALUES ('713030', '义竹乡', '713000');
INSERT INTO `address` VALUES ('713031', '鹿草乡', '713000');
INSERT INTO `address` VALUES ('713032', '水上乡', '713000');
INSERT INTO `address` VALUES ('713033', '中埔乡', '713000');
INSERT INTO `address` VALUES ('713034', '竹崎乡', '713000');
INSERT INTO `address` VALUES ('713035', '梅山乡', '713000');
INSERT INTO `address` VALUES ('713036', '番路乡', '713000');
INSERT INTO `address` VALUES ('713037', '大埔乡', '713000');
INSERT INTO `address` VALUES ('713038', '阿里山乡', '713000');
INSERT INTO `address` VALUES ('713300', '屏东县', '710000');
INSERT INTO `address` VALUES ('713301', '屏东市', '713300');
INSERT INTO `address` VALUES ('713321', '潮州镇', '713300');
INSERT INTO `address` VALUES ('713322', '东港镇', '713300');
INSERT INTO `address` VALUES ('713323', '恒春镇', '713300');
INSERT INTO `address` VALUES ('713324', '万丹乡', '713300');
INSERT INTO `address` VALUES ('713325', '长治乡', '713300');
INSERT INTO `address` VALUES ('713326', '麟洛乡', '713300');
INSERT INTO `address` VALUES ('713327', '九如乡', '713300');
INSERT INTO `address` VALUES ('713328', '里港乡', '713300');
INSERT INTO `address` VALUES ('713329', '盐埔乡', '713300');
INSERT INTO `address` VALUES ('713330', '高树乡', '713300');
INSERT INTO `address` VALUES ('713331', '万峦乡', '713300');
INSERT INTO `address` VALUES ('713332', '内埔乡', '713300');
INSERT INTO `address` VALUES ('713333', '竹田乡', '713300');
INSERT INTO `address` VALUES ('713334', '新埤乡', '713300');
INSERT INTO `address` VALUES ('713335', '枋寮乡', '713300');
INSERT INTO `address` VALUES ('713336', '新园乡', '713300');
INSERT INTO `address` VALUES ('713337', '崁顶乡', '713300');
INSERT INTO `address` VALUES ('713338', '林边乡', '713300');
INSERT INTO `address` VALUES ('713339', '南州乡', '713300');
INSERT INTO `address` VALUES ('713340', '佳冬乡', '713300');
INSERT INTO `address` VALUES ('713341', '琉球乡', '713300');
INSERT INTO `address` VALUES ('713342', '车城乡', '713300');
INSERT INTO `address` VALUES ('713343', '满州乡', '713300');
INSERT INTO `address` VALUES ('713344', '枋山乡', '713300');
INSERT INTO `address` VALUES ('713345', '三地门乡', '713300');
INSERT INTO `address` VALUES ('713346', '雾台乡', '713300');
INSERT INTO `address` VALUES ('713347', '玛家乡', '713300');
INSERT INTO `address` VALUES ('713348', '泰武乡', '713300');
INSERT INTO `address` VALUES ('713349', '来义乡', '713300');
INSERT INTO `address` VALUES ('713350', '春日乡', '713300');
INSERT INTO `address` VALUES ('713351', '狮子乡', '713300');
INSERT INTO `address` VALUES ('713352', '牡丹乡', '713300');
INSERT INTO `address` VALUES ('713400', '台东县', '710000');
INSERT INTO `address` VALUES ('713401', '台东市', '713400');
INSERT INTO `address` VALUES ('713421', '成功镇', '713400');
INSERT INTO `address` VALUES ('713422', '关山镇', '713400');
INSERT INTO `address` VALUES ('713423', '卑南乡', '713400');
INSERT INTO `address` VALUES ('713424', '鹿野乡', '713400');
INSERT INTO `address` VALUES ('713425', '池上乡', '713400');
INSERT INTO `address` VALUES ('713426', '东河乡', '713400');
INSERT INTO `address` VALUES ('713427', '长滨乡', '713400');
INSERT INTO `address` VALUES ('713428', '太麻里乡', '713400');
INSERT INTO `address` VALUES ('713429', '大武乡', '713400');
INSERT INTO `address` VALUES ('713430', '绿岛乡', '713400');
INSERT INTO `address` VALUES ('713431', '海端乡', '713400');
INSERT INTO `address` VALUES ('713432', '延平乡', '713400');
INSERT INTO `address` VALUES ('713433', '金峰乡', '713400');
INSERT INTO `address` VALUES ('713434', '达仁乡', '713400');
INSERT INTO `address` VALUES ('713435', '兰屿乡', '713400');
INSERT INTO `address` VALUES ('713500', '花莲县', '710000');
INSERT INTO `address` VALUES ('713501', '花莲市', '713500');
INSERT INTO `address` VALUES ('713521', '凤林镇', '713500');
INSERT INTO `address` VALUES ('713522', '玉里镇', '713500');
INSERT INTO `address` VALUES ('713523', '新城乡', '713500');
INSERT INTO `address` VALUES ('713524', '吉安乡', '713500');
INSERT INTO `address` VALUES ('713525', '寿丰乡', '713500');
INSERT INTO `address` VALUES ('713526', '光复乡', '713500');
INSERT INTO `address` VALUES ('713527', '丰滨乡', '713500');
INSERT INTO `address` VALUES ('713528', '瑞穗乡', '713500');
INSERT INTO `address` VALUES ('713529', '富里乡', '713500');
INSERT INTO `address` VALUES ('713530', '秀林乡', '713500');
INSERT INTO `address` VALUES ('713531', '万荣乡', '713500');
INSERT INTO `address` VALUES ('713532', '卓溪乡', '713500');
INSERT INTO `address` VALUES ('713600', '澎湖县', '710000');
INSERT INTO `address` VALUES ('713601', '马公市', '713600');
INSERT INTO `address` VALUES ('713621', '湖西乡', '713600');
INSERT INTO `address` VALUES ('713622', '白沙乡', '713600');
INSERT INTO `address` VALUES ('713623', '西屿乡', '713600');
INSERT INTO `address` VALUES ('713624', '望安乡', '713600');
INSERT INTO `address` VALUES ('713625', '七美乡', '713600');
INSERT INTO `address` VALUES ('713700', '金门县', '710000');
INSERT INTO `address` VALUES ('713701', '金城镇', '713700');
INSERT INTO `address` VALUES ('713702', '金湖镇', '713700');
INSERT INTO `address` VALUES ('713703', '金沙镇', '713700');
INSERT INTO `address` VALUES ('713704', '金宁乡', '713700');
INSERT INTO `address` VALUES ('713705', '烈屿乡', '713700');
INSERT INTO `address` VALUES ('713706', '乌丘乡', '713700');
INSERT INTO `address` VALUES ('713800', '连江县', '710000');
INSERT INTO `address` VALUES ('713801', '南竿乡', '713800');
INSERT INTO `address` VALUES ('713802', '北竿乡', '713800');
INSERT INTO `address` VALUES ('713803', '莒光乡', '713800');
INSERT INTO `address` VALUES ('713804', '东引乡', '713800');
INSERT INTO `address` VALUES ('810000', '香港特别行政区', '810000');
INSERT INTO `address` VALUES ('810100', '香港岛', '810000');
INSERT INTO `address` VALUES ('810101', '中西区', '810100');
INSERT INTO `address` VALUES ('810102', '湾仔区', '810100');
INSERT INTO `address` VALUES ('810103', '东区', '810100');
INSERT INTO `address` VALUES ('810104', '南区', '810100');
INSERT INTO `address` VALUES ('810200', '九龙', '810000');
INSERT INTO `address` VALUES ('810201', '油尖旺区', '810200');
INSERT INTO `address` VALUES ('810202', '深水埗区', '810200');
INSERT INTO `address` VALUES ('810203', '九龙城区', '810200');
INSERT INTO `address` VALUES ('810204', '黄大仙区', '810200');
INSERT INTO `address` VALUES ('810205', '观塘区', '810200');
INSERT INTO `address` VALUES ('810300', '新界', '810000');
INSERT INTO `address` VALUES ('810301', '荃湾区', '810300');
INSERT INTO `address` VALUES ('810302', '屯门区', '810300');
INSERT INTO `address` VALUES ('810303', '元朗区', '810300');
INSERT INTO `address` VALUES ('810304', '北区', '810300');
INSERT INTO `address` VALUES ('810305', '大埔区', '810300');
INSERT INTO `address` VALUES ('810306', '西贡区', '810300');
INSERT INTO `address` VALUES ('810307', '沙田区', '810300');
INSERT INTO `address` VALUES ('810308', '葵青区', '810300');
INSERT INTO `address` VALUES ('810309', '离岛区', '810300');
INSERT INTO `address` VALUES ('820000', '澳门特别行政区', '820000');
INSERT INTO `address` VALUES ('820100', '澳门半岛', '820000');
INSERT INTO `address` VALUES ('820101', '花地玛堂区', '820100');
INSERT INTO `address` VALUES ('820102', '圣安多尼堂区', '820100');
INSERT INTO `address` VALUES ('820103', '大堂区', '820100');
INSERT INTO `address` VALUES ('820104', '望德堂区', '820100');
INSERT INTO `address` VALUES ('820105', '风顺堂区', '820100');
INSERT INTO `address` VALUES ('820200', '氹仔岛', '820000');
INSERT INTO `address` VALUES ('820201', '嘉模堂区', '820200');
INSERT INTO `address` VALUES ('820300', '路环岛', '820000');
INSERT INTO `address` VALUES ('820301', '圣方济各堂区', '820300');

-- ----------------------------
-- Table structure for admin
-- ----------------------------
DROP TABLE IF EXISTS `admin`;
CREATE TABLE `admin` (
  `admin_id` int(10) NOT NULL AUTO_INCREMENT COMMENT '编号',
  `admin_name` varchar(25) CHARACTER SET utf8 COLLATE utf8_bin NOT NULL COMMENT '账户名',
  `admin_nickname` varchar(50) NOT NULL DEFAULT '' COMMENT '昵称',
  `admin_password` varchar(50) CHARACTER SET utf8 COLLATE utf8_bin NOT NULL COMMENT '密码',
  `admin_profile_picture_src` varchar(255) DEFAULT NULL COMMENT '头像地址',
  PRIMARY KEY (`admin_id`) USING BTREE,
  UNIQUE KEY `un_admin_name` (`admin_name`) USING BTREE
) ENGINE=InnoDB AUTO_INCREMENT=6 DEFAULT CHARSET=utf8 ROW_FORMAT=DYNAMIC COMMENT='管理员表';

-- ----------------------------
-- Records of admin
-- ----------------------------
INSERT INTO `admin` VALUES ('1', 'MRJIANG', 'MRJIANG', '123456', '86ed0506-be90-4808-89da-3b169973249a.jpg');
INSERT INTO `admin` VALUES ('2', 'demilehan', '酒窝', '123456', '3dafa98f-c13e-4f28-83b9-34f3b579dcd0.jpg');
INSERT INTO `admin` VALUES ('3', 'lihao', '李浩', '123456', '3dafa98f-c13e-4f28-83b9-34f3b579dcd0.jpg');
INSERT INTO `admin` VALUES ('4', 'a1209577113', '如有巧合丶', '123456', '2bd5d0af-40db-4d2d-a8ec-564e9f4e39b2.jpg');
INSERT INTO `admin` VALUES ('5', 'he.bi', '橘子', '123456', '5b1b4b7d-adfe-4b66-afe2-0e4051a8a254.jpg');

-- ----------------------------
-- Table structure for category
-- ----------------------------
DROP TABLE IF EXISTS `category`;
CREATE TABLE `category` (
  `category_id` int(10) NOT NULL AUTO_INCREMENT,
  `category_name` varchar(20) NOT NULL COMMENT '类别名称',
  `category_image_src` varchar(255) NOT NULL COMMENT '类别图片',
  PRIMARY KEY (`category_id`) USING BTREE
) ENGINE=InnoDB AUTO_INCREMENT=9 DEFAULT CHARSET=utf8 ROW_FORMAT=DYNAMIC COMMENT='类别表';

-- ----------------------------
-- Records of category
-- ----------------------------
INSERT INTO `category` VALUES ('1', '马蹄莲', '1039aff9-3ed8-4804-a362-b262c6d3a78f.jpg');
INSERT INTO `category` VALUES ('2', '玫瑰', '1b6413ad-6784-4974-8b3b-0bb0538d4f60.jpg');
INSERT INTO `category` VALUES ('3', '百合', 'a7c20c1b-4fc4-43c3-bc87-d185bbc67577.jpg');
INSERT INTO `category` VALUES ('4', '康乃馨', 'f04a1f43-c1d6-4469-ad95-d0393f5c09bf.jpg');
INSERT INTO `category` VALUES ('5', '永生花', 'bbb46721-a2f9-4964-bc28-abe9fd0c5885.jpg');
INSERT INTO `category` VALUES ('6', '满天星', '39a0dd19-39c3-4c93-9aee-ce6765625986.jpg');
INSERT INTO `category` VALUES ('7', '向日葵', '5030f5e5-c68b-4849-a788-403750786256.jpg');
INSERT INTO `category` VALUES ('8', '礼品', '16bce44b-ab94-40a6-b819-74723de4af1b.jpg');

-- ----------------------------
-- Table structure for collect
-- ----------------------------
DROP TABLE IF EXISTS `collect`;
CREATE TABLE `collect` (
  `user_id` int(11) NOT NULL,
  `product_id` int(11) NOT NULL
) ENGINE=InnoDB DEFAULT CHARSET=utf8;

-- ----------------------------
-- Records of collect
-- ----------------------------
INSERT INTO `collect` VALUES ('22', '14');
INSERT INTO `collect` VALUES ('22', '38');
INSERT INTO `collect` VALUES ('22', '30');

-- ----------------------------
-- Table structure for product
-- ----------------------------
DROP TABLE IF EXISTS `product`;
CREATE TABLE `product` (
  `product_id` int(10) NOT NULL AUTO_INCREMENT,
  `product_name` varchar(100) NOT NULL COMMENT '产品名称',
  `product_title` varchar(100) DEFAULT NULL COMMENT '产品标题',
  `product_price` decimal(10,2) DEFAULT NULL COMMENT '原价',
  `product_sale_price` decimal(10,2) NOT NULL COMMENT '促销价',
  `product_create_date` datetime NOT NULL COMMENT '创建日期',
  `product_category_id` int(10) NOT NULL COMMENT '类别id',
  `product_isEnabled` tinyint(1) NOT NULL DEFAULT '0' COMMENT '是否可用',
  PRIMARY KEY (`product_id`) USING BTREE,
  KEY `product_ibfk_1` (`product_category_id`) USING BTREE,
  CONSTRAINT `product_ibfk_1` FOREIGN KEY (`product_category_id`) REFERENCES `category` (`category_id`) ON DELETE CASCADE
) ENGINE=InnoDB AUTO_INCREMENT=42 DEFAULT CHARSET=utf8 ROW_FORMAT=DYNAMIC COMMENT='产品表';

-- ----------------------------
-- Records of product
-- ----------------------------
INSERT INTO `product` VALUES ('1', '鲜花/爱的陪伴-紫色马蹄莲1扎、紫色紫罗兰1扎、粉色绣球1枝、粉色康乃馨11枝', '高端鲜花', '119.00', '79.00', '2018-04-24 10:36:23', '1', '0');
INSERT INTO `product` VALUES ('2', '鲜花/From The Heart- 粉紫色郁金香10枝，粉色玫瑰（荔枝）6枝，粉色洋牡丹9枝、浅紫色马蹄莲7枝、雪柳5枝、橙色多头玫瑰3枝', '高端鲜花', '270.00', '199.00', '2018-04-24 10:54:59', '1', '0');
INSERT INTO `product` VALUES ('3', '[浪漫唯美 女神挚爱] 33枝卡罗拉红玫瑰', '忘情巴黎', '288.00', '139.00', '2018-04-24 10:58:08', '2', '0');
INSERT INTO `product` VALUES ('4', '[花艺师打造 韩式花束系列] 韩式花束系列花艺师全新打造，卡罗拉玫瑰11枝、白底粉边洋桔梗5枝、大叶尤加利10枝鲜花', '韩式系列/初心不负', '150.00', '75.00', '2018-04-24 11:00:25', '2', '2');
INSERT INTO `product` VALUES ('5', '鲜花/Flora Love- 粉色玫瑰（荔枝）5枝、浅紫色紫罗兰9枝、白色郁金香9枝、粉色绣球1枝、鸢尾叶1扎、银叶菊1枝', '高端鲜花', '108.00', '69.00', '2018-04-24 11:06:45', '1', '0');
INSERT INTO `product` VALUES ('6', '[甜美设计 清新典雅] 坦尼克玫瑰22枝，粉佳人粉玫瑰14枝，粉色桔梗5枝鲜花', '甜美公主', '259.00', '159.00', '2018-04-24 11:08:18', '2', '0');
INSERT INTO `product` VALUES ('7', '[经典款式 简约设计] 11枝香槟玫瑰，白色多头百合2枝鲜花', '恋恋情深', '169.00', '59.00', '2018-04-24 11:15:40', '2', '2');
INSERT INTO `product` VALUES ('8', '[花艺师打造 韩式花束系列] 向日葵3枝、香槟玫瑰9枝、橙色多头玫5枝、黄色腊梅5枝、大叶尤加利5枝鲜花', '韩式系列/一路向阳', '239.00', '139.00', '2018-04-24 11:16:57', '2', '0');
INSERT INTO `product` VALUES ('9', '鲜花/清风徐来-白色马蹄莲1扎、跳舞兰1扎、贝壳0.5扎、香槟8枝', '高端鲜花', '142.00', '79.00', '2018-04-24 11:18:19', '1', '0');
INSERT INTO `product` VALUES ('10', '[花艺师打造 韩式花束系列] 粉佳人玫瑰16枝、白和粉色洋桔梗各5枝、尤加利10枝、浅紫色小菊3枝、深粉色/浅粉色绣球1枝', '韩式系列/亲爱的你', '258.00', '139.00', '2018-04-24 11:22:48', '2', '0');
INSERT INTO `product` VALUES ('11', '[经典推荐 特价] 满天星10枝', '致青春/无声的爱', '90.00', '59.80', '2018-04-24 11:27:43', '6', '0');
INSERT INTO `product` VALUES ('12', '鲜花/枫丹白露- 白玫瑰11枝、白绣球2枝、绿掌3片、白马花9枝、雪柳7枝', '高端鲜花', '179.00', '129.00', '2018-04-24 11:31:17', '1', '0');
INSERT INTO `product` VALUES ('13', '[经典99枝，鼎力推荐！] 99枝卡罗拉红玫瑰', '不变的承诺', '139.00', '59.00', '2018-04-24 11:34:30', '2', '0');
INSERT INTO `product` VALUES ('14', '[新款礼盒鲜花] 卡罗拉红玫瑰11枝，白色洋桔梗2枝，粉色勿忘我3枝，尤加利叶4枝', '挚爱一生', '59.00', '59.00', '2018-04-24 11:38:17', '2', '0');
INSERT INTO `product` VALUES ('15', '鲜花/马蹄莲/漾恬假期-7枝白色马蹄莲，10枝红玫瑰，11枝红康乃馨', '高端鲜花', '159.00', '159.00', '2018-04-24 11:39:50', '1', '0');
INSERT INTO `product` VALUES ('16', '[精选昆明A级花材] 粉绣球1枝，粉雪山玫瑰6枝', '留住好时光', '239.00', '139.00', '2018-04-24 11:43:28', '2', '0');
INSERT INTO `product` VALUES ('17', '[满天星辰，只因有你] 满天星10枝', '满天星-浅粉', '228.00', '68.00', '2018-04-24 11:44:15', '6', '0');
INSERT INTO `product` VALUES ('18', '鲜花/ flower', '高端鲜花', '1887.00', '1136.00', '2018-04-24 11:47:27', '1', '0');
INSERT INTO `product` VALUES ('19', '[满天星辰，只因有你] 满天星10枝', '满天星-浅紫', '129.00', '99.00', '2018-04-24 11:50:06', '6', '0');
INSERT INTO `product` VALUES ('20', '[满天星辰，只因有你] 满天星20枝', '满天星/特大号-浅紫', '379.00', '199.00', '2018-04-24 11:53:05', '6', '0');
INSERT INTO `product` VALUES ('21', '鲜花/马蹄莲/清晨的问候-10枝马蹄莲，5枝白玫瑰', '高端鲜花', '298.00', '139.00', '2018-04-24 11:54:29', '1', '0');
INSERT INTO `product` VALUES ('22', '[经典款式 简约设计] 11枝香槟玫瑰，白色多头百合2枝', '恋恋情深', '339.00', '329.00', '2018-04-24 11:55:24', '3', '0');
INSERT INTO `product` VALUES ('23', '春韵\r\n\r\n春韵7枝白色马蹄莲,2枝白香水百合,情人草0.2扎', '高端鲜花', '198.00', '138.00', '2018-04-24 11:59:36', '1', '0');
INSERT INTO `product` VALUES ('24', '[全新韩式系列 珍品玫瑰] 艾莎玫瑰19枝', '韩式系列/你笑起来真好看', '339.00', '329.00', '2018-04-24 12:01:09', '3', '0');
INSERT INTO `product` VALUES ('25', '马蹄莲/蔚蓝天空马蹄莲/蔚蓝天空/7枝白色马蹄莲,紫色+粉色勿忘我各5枝', '高端鲜花', '755.00', '528.00', '2018-04-24 12:04:55', '1', '2');
INSERT INTO `product` VALUES ('26', '[2021母亲节新品] 红色康乃馨29枝、粉色百合3枝、黄色勿忘我3枝、尤加利10枝', '健康喜乐', '155.00', '89.00', '2018-04-24 12:07:01', '4', '0');
INSERT INTO `product` VALUES ('27', '[2021母亲节新品] 玫红色康乃馨9枝、粉色多头康乃馨10枝', '感恩母亲', '899.00', '899.00', '2018-04-24 12:09:12', '4', '0');
INSERT INTO `product` VALUES ('28', '[花篮设计 送礼百搭] 粉百合2枝、卡罗拉红玫瑰9枝、红色康乃馨15枝', '圆满', '999.00', '399.60', '2018-04-24 12:11:56', '4', '0');
INSERT INTO `product` VALUES ('29', '马蹄莲/赏心悦目/鲜花', '5枝白色马蹄莲,9枝香槟玫瑰', '599.00', '169.00', '2018-04-24 12:12:26', '1', '0');
INSERT INTO `product` VALUES ('30', '粉色康乃馨33枝', '永恒的爱', '469.00', '469.00', '2018-04-24 12:16:27', '4', '0');
INSERT INTO `product` VALUES ('31', '爱慕、鲜花', '白色马蹄莲12枝', '228.00', '118.00', '2018-04-24 12:17:44', '1', '0');
INSERT INTO `product` VALUES ('32', '[花艺师打造 韩式花束系列] 向日葵3枝、香槟玫瑰9枝、橙色多头玫5枝、黄色腊梅5枝、大叶尤加利5枝', '韩式系列/一路向阳', '208.00', '78.00', '2018-04-24 12:20:19', '7', '0');
INSERT INTO `product` VALUES ('33', '[清新向日葵] 向日葵3枝，白色洋桔梗0.5扎', '一缕清香', '208.00', '78.90', '2018-04-24 12:25:03', '7', '0');
INSERT INTO `product` VALUES ('34', '雅致风情 5枝香槟玫瑰，8枝白色马蹄莲', '5枝香槟玫瑰，8枝白色马蹄莲', '125.00', '59.00', '2018-04-24 12:25:07', '1', '0');
INSERT INTO `product` VALUES ('35', '[倾情设计，灿若星河] 香槟玫瑰9枝、蓝绣球、向日葵、白色洋桔梗、大叶尤加利', '星河璀璨', '100.00', '79.90', '2018-04-24 12:29:55', '7', '0');
INSERT INTO `product` VALUES ('36', '[心向暖阳，快乐相伴] 向日葵6枝', '向日葵之歌', '268.00', '139.00', '2018-04-24 12:30:53', '7', '2');
INSERT INTO `product` VALUES ('37', '[2021母亲节新品] 向日葵3枝、橙色康乃馨19枝、香槟玫瑰11枝、橙色腊梅2枝', '乘风破浪', '238.00', '79.90', '2018-04-24 12:37:42', '7', '2');
INSERT INTO `product` VALUES ('38', '[母亲节定制款，复古相框] 进口粉色玫瑰2枝，进口浅紫色康乃馨3枝，粉边紫心奥斯丁2枝', '温柔清浅', '98.00', '35.00', '2018-04-24 12:40:09', '5', '2');
INSERT INTO `product` VALUES ('39', '[升级款！施华洛世奇项链] SWAROVSKI新款浪漫心形项链', '柔情时光-施华洛世奇ONE浪漫心形项链', '429.00', '259.00', '2018-04-24 12:46:01', '5', '2');
INSERT INTO `product` VALUES ('40', '[专柜正品 母亲节热卖款] SWAROVSKI REMIX手链', '施华洛世奇Remix温婉珠韵手链/红色', '158.00', '69.90', '2018-04-24 12:49:01', '8', '2');
INSERT INTO `product` VALUES ('41', '[璀璨夺目，五彩纷呈] 一路（鹿）有你，水晶球蓝牙音箱音乐盒', '麋鹿水晶音乐盒/旋转蓝牙音箱', '198.00', '49.00', '2018-04-24 12:54:41', '8', '2');

-- ----------------------------
-- Table structure for productimage
-- ----------------------------
DROP TABLE IF EXISTS `productimage`;
CREATE TABLE `productimage` (
  `productimage_id` int(10) NOT NULL AUTO_INCREMENT,
  `productimage_type` tinyint(1) unsigned NOT NULL COMMENT '类型(0:概述图片 1:详情图片)',
  `productimage_src` varchar(255) NOT NULL COMMENT '图片地址',
  `productimage_product_id` int(10) NOT NULL COMMENT '产品id',
  PRIMARY KEY (`productimage_id`) USING BTREE,
  KEY `productimage_product_id` (`productimage_product_id`) USING BTREE,
  CONSTRAINT `productimage_ibfk_1` FOREIGN KEY (`productimage_product_id`) REFERENCES `product` (`product_id`) ON DELETE CASCADE
) ENGINE=InnoDB AUTO_INCREMENT=1053 DEFAULT CHARSET=utf8 ROW_FORMAT=DYNAMIC COMMENT='产品图片表';

-- ----------------------------
-- Records of productimage
-- ----------------------------
INSERT INTO `productimage` VALUES ('1', '0', '9012321.jpg', '1');
INSERT INTO `productimage` VALUES ('2', '0', '9012321.jpg', '1');
INSERT INTO `productimage` VALUES ('3', '0', '20210425152402.png', '1');
INSERT INTO `productimage` VALUES ('4', '0', '9012321.jpg', '1');
INSERT INTO `productimage` VALUES ('5', '0', '20210425152402.png', '1');
INSERT INTO `productimage` VALUES ('6', '1', '20180504094407214.jpg', '1');
INSERT INTO `productimage` VALUES ('7', '1', '20180504094412934.jpg', '1');
INSERT INTO `productimage` VALUES ('8', '1', 'by_20180604200732115.jpg', '1');
INSERT INTO `productimage` VALUES ('9', '1', 'by_20180604200746208.jpg', '1');
INSERT INTO `productimage` VALUES ('10', '1', 'by_20180604200755410.jpg', '1');
INSERT INTO `productimage` VALUES ('14', '0', '9012292.jpg', '2');
INSERT INTO `productimage` VALUES ('15', '0', '9012292.jpg', '2');
INSERT INTO `productimage` VALUES ('16', '0', '9012292.jpg', '2');
INSERT INTO `productimage` VALUES ('17', '0', '9012292.jpg', '2');
INSERT INTO `productimage` VALUES ('18', '0', '9012292.jpg', '2');
INSERT INTO `productimage` VALUES ('19', '1', '20180404153243728.jpg', '2');
INSERT INTO `productimage` VALUES ('20', '1', 'by_2018060518583890.jpg', '2');
INSERT INTO `productimage` VALUES ('21', '1', 'by_20180605185904738.jpg', '2');
INSERT INTO `productimage` VALUES ('22', '1', '20180226173541545.jpg', '2');
INSERT INTO `productimage` VALUES ('23', '1', '20180226173543589.jpg', '2');
INSERT INTO `productimage` VALUES ('25', '0', '9012009.jpg', '3');
INSERT INTO `productimage` VALUES ('26', '0', '201505161715457343.jpg', '3');
INSERT INTO `productimage` VALUES ('27', '0', '201505161715590781.jpg', '3');
INSERT INTO `productimage` VALUES ('28', '0', '201505161716191250.jpg', '3');
INSERT INTO `productimage` VALUES ('29', '0', '201505161716191250.jpg', '3');
INSERT INTO `productimage` VALUES ('30', '1', 'by_20180611134635481.jpg', '3');
INSERT INTO `productimage` VALUES ('31', '1', 'by_20180702095709936.jpg', '3');
INSERT INTO `productimage` VALUES ('32', '1', '2015420174953899997.jpg', '3');
INSERT INTO `productimage` VALUES ('33', '1', '20151223184607197772.jpg', '3');
INSERT INTO `productimage` VALUES ('34', '1', '20151223184694302325.jpg', '3');
INSERT INTO `productimage` VALUES ('35', '1', '2015420175007241855.jpg', '3');
INSERT INTO `productimage` VALUES ('36', '1', 'by_20180719135050502.jpg', '3');
INSERT INTO `productimage` VALUES ('37', '0', '9012450.jpg', '4');
INSERT INTO `productimage` VALUES ('38', '0', '202004091611450507.jpg', '4');
INSERT INTO `productimage` VALUES ('39', '0', '202004091610528228.jpg', '4');
INSERT INTO `productimage` VALUES ('40', '0', '202004091611385094.jpg', '4');
INSERT INTO `productimage` VALUES ('41', '0', '202004091611385094.jpg', '4');
INSERT INTO `productimage` VALUES ('42', '1', 'by_20191202182705794.jpg', '4');
INSERT INTO `productimage` VALUES ('43', '1', 'by_2020041411583333.jpg', '4');
INSERT INTO `productimage` VALUES ('44', '1', 'by_20191202182706232.jpg', '4');
INSERT INTO `productimage` VALUES ('45', '1', 'by_20191211192823677.jpg', '4');
INSERT INTO `productimage` VALUES ('46', '1', 'by_20191202182706693.jpg', '4');
INSERT INTO `productimage` VALUES ('47', '1', 'by_20200414115848434.jpg', '4');
INSERT INTO `productimage` VALUES ('48', '1', 'by_20191202182707375.jpg', '4');
INSERT INTO `productimage` VALUES ('49', '1', 'by_20191202182708459.jpg', '4');
INSERT INTO `productimage` VALUES ('50', '0', '9012293.jpg', '5');
INSERT INTO `productimage` VALUES ('51', '0', '9012293.jpg', '5');
INSERT INTO `productimage` VALUES ('52', '0', '9012293.jpg', '5');
INSERT INTO `productimage` VALUES ('53', '0', '9012293.jpg', '5');
INSERT INTO `productimage` VALUES ('54', '0', '9012293.jpg', '5');
INSERT INTO `productimage` VALUES ('55', '1', '20180226174106679.jpg', '5');
INSERT INTO `productimage` VALUES ('56', '1', 'by_20180605171256241.jpg', '5');
INSERT INTO `productimage` VALUES ('57', '1', 'by_20190903105446947.jpg', '6');
INSERT INTO `productimage` VALUES ('58', '0', '20210425172834.png', '7');
INSERT INTO `productimage` VALUES ('59', '0', '20210425172904.png', '7');
INSERT INTO `productimage` VALUES ('60', '0', '20210425172920.png', '7');
INSERT INTO `productimage` VALUES ('61', '0', '20210425172934.png', '7');
INSERT INTO `productimage` VALUES ('62', '0', '20210425172934.png', '7');
INSERT INTO `productimage` VALUES ('63', '1', '20170822191235347.jpg', '7');
INSERT INTO `productimage` VALUES ('64', '1', '20170822191236172.jpg', '7');
INSERT INTO `productimage` VALUES ('65', '1', '20170828115945157.jpg', '7');
INSERT INTO `productimage` VALUES ('66', '1', 'by_20180703184222909.jpg', '7');
INSERT INTO `productimage` VALUES ('67', '1', '20170822191237431.jpg', '7');
INSERT INTO `productimage` VALUES ('68', '1', '20170822191238377.jpg', '7');
INSERT INTO `productimage` VALUES ('69', '1', '20170822191238939.jpg', '7');
INSERT INTO `productimage` VALUES ('70', '1', '20171220163103677.jpg', '7');
INSERT INTO `productimage` VALUES ('71', '1', 'by_20200602170729564.jpg', '8');
INSERT INTO `productimage` VALUES ('72', '1', 'by_20191204175543933.jpg', '8');
INSERT INTO `productimage` VALUES ('73', '1', 'by_20200602170753278.jpg', '8');
INSERT INTO `productimage` VALUES ('74', '1', 'by_20191211192916937.jpg', '8');
INSERT INTO `productimage` VALUES ('75', '1', 'by_20200602170810110.jpg', '8');
INSERT INTO `productimage` VALUES ('76', '1', 'by_20191205191449612.jpg', '8');
INSERT INTO `productimage` VALUES ('77', '1', 'by_2019120218263728.jpg', '8');
INSERT INTO `productimage` VALUES ('78', '1', 'by_20191202182637315.jpg', '8');
INSERT INTO `productimage` VALUES ('79', '0', '9012319.jpg', '9');
INSERT INTO `productimage` VALUES ('80', '0', '9012319.jpg', '9');
INSERT INTO `productimage` VALUES ('81', '0', '9012319.jpg', '9');
INSERT INTO `productimage` VALUES ('82', '0', '9012319.jpg', '9');
INSERT INTO `productimage` VALUES ('83', '0', '9012319.jpg', '9');
INSERT INTO `productimage` VALUES ('84', '1', '20180504091706393.jpg', '9');
INSERT INTO `productimage` VALUES ('85', '1', 'by_20180604205028989.jpg', '9');
INSERT INTO `productimage` VALUES ('86', '1', 'by_20180604205042901.jpg', '9');
INSERT INTO `productimage` VALUES ('87', '1', '20180504091710795.jpg', '9');
INSERT INTO `productimage` VALUES ('88', '1', '20180504091711656.jpg', '9');
INSERT INTO `productimage` VALUES ('90', '1', 'by_20200110150713157.jpg', '10');
INSERT INTO `productimage` VALUES ('91', '1', 'by_20200110150713427.jpg', '10');
INSERT INTO `productimage` VALUES ('92', '1', 'by_20200110150713658.jpg', '10');
INSERT INTO `productimage` VALUES ('93', '1', 'by_20200110150714127.jpg', '10');
INSERT INTO `productimage` VALUES ('94', '1', '201708161909369673679028.jpg', '6');
INSERT INTO `productimage` VALUES ('95', '1', 'by_20180607175349897.jpg', '11');
INSERT INTO `productimage` VALUES ('96', '1', 'by_201806291824202.jpg', '11');
INSERT INTO `productimage` VALUES ('97', '1', '20151223185249233676.jpg', '11');
INSERT INTO `productimage` VALUES ('98', '1', '2013530129486095019.jpg', '11');
INSERT INTO `productimage` VALUES ('99', '1', '2013622175203732409.jpg', '11');
INSERT INTO `productimage` VALUES ('100', '1', '20136221727596099688.jpg', '11');
INSERT INTO `productimage` VALUES ('101', '1', '2013624158473158511.jpg', '11');
INSERT INTO `productimage` VALUES ('102', '1', '2013624158321046939.jpg', '11');
INSERT INTO `productimage` VALUES ('103', '0', '9012295.jpg', '12');
INSERT INTO `productimage` VALUES ('104', '0', '9012295.jpg', '12');
INSERT INTO `productimage` VALUES ('105', '0', '9012295.jpg', '12');
INSERT INTO `productimage` VALUES ('106', '0', '9012295.jpg', '12');
INSERT INTO `productimage` VALUES ('107', '0', '9012295.jpg', '12');
INSERT INTO `productimage` VALUES ('108', '1', '20180226174855242.jpg', '12');
INSERT INTO `productimage` VALUES ('109', '1', 'by_20180605180051229.jpg', '12');
INSERT INTO `productimage` VALUES ('110', '1', 'by_20180605180100888.jpg', '12');
INSERT INTO `productimage` VALUES ('111', '1', '20180226174858859.jpg', '12');
INSERT INTO `productimage` VALUES ('112', '0', '20210425173955.png', '13');
INSERT INTO `productimage` VALUES ('113', '0', '20210425174025.png', '13');
INSERT INTO `productimage` VALUES ('114', '0', '20210425174042.png', '13');
INSERT INTO `productimage` VALUES ('115', '0', '20210425174058.png', '13');
INSERT INTO `productimage` VALUES ('116', '0', '20210425174058.png', '13');
INSERT INTO `productimage` VALUES ('117', '1', 'by_20190904094653787.jpg', '13');
INSERT INTO `productimage` VALUES ('118', '1', '201708111126113526406778.jpg', '13');
INSERT INTO `productimage` VALUES ('119', '1', '201708111126113645949118.jpg', '13');
INSERT INTO `productimage` VALUES ('120', '1', '20178111731418207965.jpg', '13');
INSERT INTO `productimage` VALUES ('121', '1', 'by_20180703175901652.jpg', '13');
INSERT INTO `productimage` VALUES ('122', '1', '201708111126115465741705.jpg', '13');
INSERT INTO `productimage` VALUES ('123', '1', '201708111126115565531573.jpg', '13');
INSERT INTO `productimage` VALUES ('124', '1', '201708111126116449249498.jpg', '13');
INSERT INTO `productimage` VALUES ('125', '1', 'by_20210119151133750.jpg', '14');
INSERT INTO `productimage` VALUES ('126', '1', 'by_20210119151133909.jpg', '14');
INSERT INTO `productimage` VALUES ('127', '1', 'by_20210119151134144.jpg', '14');
INSERT INTO `productimage` VALUES ('128', '1', 'by_20210119151134322.jpg', '14');
INSERT INTO `productimage` VALUES ('129', '1', 'by_20210119151134559.jpg', '14');
INSERT INTO `productimage` VALUES ('130', '1', 'by_20210119151134745.jpg', '14');
INSERT INTO `productimage` VALUES ('131', '1', 'by_20210119151135161.jpg', '14');
INSERT INTO `productimage` VALUES ('132', '1', 'by_20210119151135569.jpg', '14');
INSERT INTO `productimage` VALUES ('133', '0', '9012008.jpg', '15');
INSERT INTO `productimage` VALUES ('134', '0', '201505161718490937.jpg', '15');
INSERT INTO `productimage` VALUES ('135', '0', '201505161719001875.jpg', '15');
INSERT INTO `productimage` VALUES ('136', '0', '201505161719161562.jpg', '15');
INSERT INTO `productimage` VALUES ('137', '0', '201505161719161562.jpg', '15');
INSERT INTO `productimage` VALUES ('138', '1', '20154201741563103579.jpg', '15');
INSERT INTO `productimage` VALUES ('139', '1', '201542017426306460.jpg', '15');
INSERT INTO `productimage` VALUES ('140', '1', '20154201742142187869.jpg', '15');
INSERT INTO `productimage` VALUES ('141', '1', '20154201742212360354.jpg', '15');
INSERT INTO `productimage` VALUES ('142', '1', '20154201742337193927.jpg', '15');
INSERT INTO `productimage` VALUES ('143', '1', 'xianhua_cardstyle (1).jpg', '15');
INSERT INTO `productimage` VALUES ('146', '1', 'by_20180906145812910.jpg', '16');
INSERT INTO `productimage` VALUES ('147', '1', 'by_2018090614581394.jpg', '16');
INSERT INTO `productimage` VALUES ('148', '1', 'by_20180906145813291.jpg', '16');
INSERT INTO `productimage` VALUES ('149', '1', 'by_20180906145813432.jpg', '16');
INSERT INTO `productimage` VALUES ('150', '1', 'by_20180906145813615.jpg', '16');
INSERT INTO `productimage` VALUES ('151', '1', 'by_20190219091759961.jpg', '16');
INSERT INTO `productimage` VALUES ('152', '1', 'by_20180906145813940.jpg', '16');
INSERT INTO `productimage` VALUES ('153', '1', 'by_20180906145814299.jpg', '16');
INSERT INTO `productimage` VALUES ('154', '0', '9012446.jpg', '17');
INSERT INTO `productimage` VALUES ('155', '0', '201910091804400174.jpg', '17');
INSERT INTO `productimage` VALUES ('156', '0', '201910091804458647.jpg', '17');
INSERT INTO `productimage` VALUES ('157', '0', '201910091804496489.jpg', '17');
INSERT INTO `productimage` VALUES ('158', '0', '201910091804458647.jpg', '17');
INSERT INTO `productimage` VALUES ('159', '1', 'by_20191009182149372.jpg', '17');
INSERT INTO `productimage` VALUES ('160', '1', 'by_20191009182149625.jpg', '17');
INSERT INTO `productimage` VALUES ('161', '1', 'by_20191009182149773.jpg', '17');
INSERT INTO `productimage` VALUES ('162', '1', 'by_20191009182149890.jpg', '17');
INSERT INTO `productimage` VALUES ('163', '1', 'by_20191009182150114.jpg', '17');
INSERT INTO `productimage` VALUES ('164', '1', 'by_20191009182150285.jpg', '17');
INSERT INTO `productimage` VALUES ('165', '1', 'by_20191009182150574.jpg', '17');
INSERT INTO `productimage` VALUES ('166', '1', '4c8e8e24-2a4c-4d6c-bd72-dcc5666ffebb.jpg', '17');
INSERT INTO `productimage` VALUES ('167', '0', '9010796.jpg', '18');
INSERT INTO `productimage` VALUES ('168', '0', '9010796.jpg', '18');
INSERT INTO `productimage` VALUES ('169', '0', '201505221959141093.jpg', '18');
INSERT INTO `productimage` VALUES ('170', '0', '201505221959141093.jpg', '18');
INSERT INTO `productimage` VALUES ('171', '0', '201505221959141093.jpg', '18');
INSERT INTO `productimage` VALUES ('172', '1', '201149186391167514.jpg', '18');
INSERT INTO `productimage` VALUES ('173', '1', '201149182157548572.jpg', '18');
INSERT INTO `productimage` VALUES ('174', '1', 'xianhua_cardstyle.jpg', '18');
INSERT INTO `productimage` VALUES ('175', '0', '9012447.jpg', '19');
INSERT INTO `productimage` VALUES ('176', '0', '201910091826147312.jpg', '19');
INSERT INTO `productimage` VALUES ('177', '0', '201910091826192368.jpg', '19');
INSERT INTO `productimage` VALUES ('178', '0', '201910091826251474.jpg', '19');
INSERT INTO `productimage` VALUES ('179', '0', '9012447.jpg', '19');
INSERT INTO `productimage` VALUES ('180', '1', 'by_20191009182723294.jpg', '19');
INSERT INTO `productimage` VALUES ('181', '1', 'by_20191009182723528.jpg', '19');
INSERT INTO `productimage` VALUES ('182', '1', 'by_20191009182723698.jpg', '19');
INSERT INTO `productimage` VALUES ('183', '1', 'by_20191009182723861.jpg', '19');
INSERT INTO `productimage` VALUES ('184', '1', 'by_2019100918272428.jpg', '19');
INSERT INTO `productimage` VALUES ('185', '1', 'by_20191009182724195.jpg', '19');
INSERT INTO `productimage` VALUES ('186', '1', 'by_20191009182724528.jpg', '19');
INSERT INTO `productimage` VALUES ('187', '1', 'by_20191127191444401.jpg', '20');
INSERT INTO `productimage` VALUES ('188', '1', 'by_20191127191444673.jpg', '20');
INSERT INTO `productimage` VALUES ('189', '1', 'by_201911271914458.jpg', '20');
INSERT INTO `productimage` VALUES ('190', '1', 'by_20191127191445199.jpg', '20');
INSERT INTO `productimage` VALUES ('191', '1', 'by_20191127191445429.jpg', '20');
INSERT INTO `productimage` VALUES ('192', '1', 'by_20191127191446425.jpg', '20');
INSERT INTO `productimage` VALUES ('193', '1', 'by_20191127191446944.jpg', '20');
INSERT INTO `productimage` VALUES ('194', '1', 'by_20191127191447205.jpg', '20');
INSERT INTO `productimage` VALUES ('195', '0', '9012013.jpg', '21');
INSERT INTO `productimage` VALUES ('196', '0', '201505271932349062.jpg', '21');
INSERT INTO `productimage` VALUES ('197', '0', '201505271932420312.jpg', '21');
INSERT INTO `productimage` VALUES ('198', '0', '9012013.jpg', '21');
INSERT INTO `productimage` VALUES ('199', '0', '201505271932493593.jpg', '21');
INSERT INTO `productimage` VALUES ('200', '1', '20155201948563802997.jpg', '21');
INSERT INTO `productimage` VALUES ('201', '1', '2015520194947637774.jpg', '21');
INSERT INTO `productimage` VALUES ('202', '1', '20155201949185839038.jpg', '21');
INSERT INTO `productimage` VALUES ('203', '1', 'xianhua_cardstyle.jpg', '21');
INSERT INTO `productimage` VALUES ('204', '1', 'huangshengyi02.png', '21');
INSERT INTO `productimage` VALUES ('208', '0', '20210425180026.png', '22');
INSERT INTO `productimage` VALUES ('209', '0', '20210425180042.png', '22');
INSERT INTO `productimage` VALUES ('210', '0', '20210425180057.png', '22');
INSERT INTO `productimage` VALUES ('211', '0', '20210425180112.png', '22');
INSERT INTO `productimage` VALUES ('212', '0', '20210425180112.png', '22');
INSERT INTO `productimage` VALUES ('213', '1', '20170822191235347.jpg', '22');
INSERT INTO `productimage` VALUES ('214', '1', '2017082219123617z2.jpg', '22');
INSERT INTO `productimage` VALUES ('215', '1', '20170828115945157 (1).jpg', '22');
INSERT INTO `productimage` VALUES ('216', '1', 'by_20180703184222909 (1).jpg', '22');
INSERT INTO `productimage` VALUES ('217', '1', '20170822191238377 (1).jpg', '22');
INSERT INTO `productimage` VALUES ('218', '1', '20170822191238939 (1).jpg', '22');
INSERT INTO `productimage` VALUES ('219', '1', '20170822191239839.jpg', '22');
INSERT INTO `productimage` VALUES ('220', '1', '20170822191240210.jpg', '22');
INSERT INTO `productimage` VALUES ('221', '0', '9010795.jpg', '23');
INSERT INTO `productimage` VALUES ('222', '0', '201505222003562968.jpg', '23');
INSERT INTO `productimage` VALUES ('223', '0', '9010795.jpg', '23');
INSERT INTO `productimage` VALUES ('224', '0', '201505222004033593.jpg', '23');
INSERT INTO `productimage` VALUES ('225', '0', '9010795.jpg', '23');
INSERT INTO `productimage` VALUES ('226', '1', '2011431827524937884.jpg', '23');
INSERT INTO `productimage` VALUES ('227', '1', '2011471633204395572.jpg', '23');
INSERT INTO `productimage` VALUES ('228', '1', '201147163338649234.jpg', '23');
INSERT INTO `productimage` VALUES ('234', '0', '9012473.jpg', '24');
INSERT INTO `productimage` VALUES ('235', '0', '202007091759529999.jpg', '24');
INSERT INTO `productimage` VALUES ('236', '0', '202007091800025014.jpg', '24');
INSERT INTO `productimage` VALUES ('237', '0', '202007091759579581.jpg', '24');
INSERT INTO `productimage` VALUES ('238', '0', '202007091800025014.jpg', '24');
INSERT INTO `productimage` VALUES ('239', '1', 'by_20200709183240935.jpg', '24');
INSERT INTO `productimage` VALUES ('240', '1', 'by_20200709183241148.jpg', '24');
INSERT INTO `productimage` VALUES ('241', '1', 'by_20200709183241254.jpg', '24');
INSERT INTO `productimage` VALUES ('242', '1', 'by_20200709183241377.jpg', '24');
INSERT INTO `productimage` VALUES ('243', '1', 'by_20200709183241513.jpg', '24');
INSERT INTO `productimage` VALUES ('244', '1', 'by_20200721110238818.jpg', '24');
INSERT INTO `productimage` VALUES ('245', '1', 'by_20200709183241911.jpg', '24');
INSERT INTO `productimage` VALUES ('246', '1', 'by_20200709183242238.jpg', '24');
INSERT INTO `productimage` VALUES ('247', '0', '9010792.jpg', '25');
INSERT INTO `productimage` VALUES ('248', '0', '201505222004475156.jpg', '25');
INSERT INTO `productimage` VALUES ('249', '0', '201505222004567968.jpg', '25');
INSERT INTO `productimage` VALUES ('250', '0', '201505222004475156.jpg', '25');
INSERT INTO `productimage` VALUES ('251', '0', '9010792.jpg', '25');
INSERT INTO `productimage` VALUES ('252', '1', '201142204377609485.jpg', '25');
INSERT INTO `productimage` VALUES ('253', '1', '20114716221299643.jpg', '25');
INSERT INTO `productimage` VALUES ('254', '1', '201147162229107882.jpg', '25');
INSERT INTO `productimage` VALUES ('255', '1', '201147162229107882.jpg', '25');
INSERT INTO `productimage` VALUES ('260', '1', 'by_20210409105224731.jpg', '26');
INSERT INTO `productimage` VALUES ('261', '1', 'by_20210409105225129.jpg', '26');
INSERT INTO `productimage` VALUES ('262', '1', 'by_20210409105225327.jpg', '26');
INSERT INTO `productimage` VALUES ('263', '1', 'by_20210409105225529.jpg', '26');
INSERT INTO `productimage` VALUES ('264', '1', 'by_20210409105225752.jpg', '26');
INSERT INTO `productimage` VALUES ('265', '1', 'by_20210409105225912.jpg', '26');
INSERT INTO `productimage` VALUES ('266', '1', 'by_20210409105226272.jpg', '26');
INSERT INTO `productimage` VALUES ('267', '1', 'ad22eb33-7e92-4c18-881e-e6a0023412f1.jpg', '26');
INSERT INTO `productimage` VALUES ('268', '0', '9012505.jpg', '27');
INSERT INTO `productimage` VALUES ('269', '0', '202104131038490025.jpg', '27');
INSERT INTO `productimage` VALUES ('270', '0', '202104091653181300.jpg', '27');
INSERT INTO `productimage` VALUES ('271', '0', '202104091653218442.jpg', '27');
INSERT INTO `productimage` VALUES ('272', '0', '202104091653218442.jpg', '27');
INSERT INTO `productimage` VALUES ('273', '1', 'by_20210409165346226.jpg', '27');
INSERT INTO `productimage` VALUES ('274', '1', 'by_20210409165347837.jpg', '27');
INSERT INTO `productimage` VALUES ('275', '1', 'by_2021040916534857.jpg', '27');
INSERT INTO `productimage` VALUES ('276', '1', '04.jpg', '27');
INSERT INTO `productimage` VALUES ('277', '1', 'by_20210409165348470.jpg', '27');
INSERT INTO `productimage` VALUES ('278', '1', 'by_20210409165348623.jpg', '27');
INSERT INTO `productimage` VALUES ('279', '1', 'by_20210409165348896.jpg', '27');
INSERT INTO `productimage` VALUES ('280', '1', 'by_20210409165349166.jpg', '27');
INSERT INTO `productimage` VALUES ('281', '1', 'by_20180619100706846.jpg', '28');
INSERT INTO `productimage` VALUES ('282', '1', 'by_20180619100707499.jpg', '28');
INSERT INTO `productimage` VALUES ('283', '1', 'by_20180619100708169.jpg', '28');
INSERT INTO `productimage` VALUES ('284', '1', 'by_2018061910070921.jpg', '28');
INSERT INTO `productimage` VALUES ('285', '1', 'by_20180619100709641.jpg', '28');
INSERT INTO `productimage` VALUES ('286', '1', 'by_2018061913394647.jpg', '28');
INSERT INTO `productimage` VALUES ('287', '1', 'by_20180619100711223.jpg', '28');
INSERT INTO `productimage` VALUES ('288', '1', 'by_20180619100712714.jpg', '28');
INSERT INTO `productimage` VALUES ('289', '0', '9010791.jpg', '29');
INSERT INTO `productimage` VALUES ('290', '0', '201505222005478593.jpg', '29');
INSERT INTO `productimage` VALUES ('291', '0', '9010791.jpg', '29');
INSERT INTO `productimage` VALUES ('292', '0', '201505222005557031.jpg', '29');
INSERT INTO `productimage` VALUES ('293', '0', '201505222005478593.jpg', '29');
INSERT INTO `productimage` VALUES ('294', '1', '20114218757373691.jpg', '29');
INSERT INTO `productimage` VALUES ('295', '1', '201147163327821246.jpg', '29');
INSERT INTO `productimage` VALUES ('296', '1', '201147163536095294.jpg', '29');
INSERT INTO `productimage` VALUES ('302', '0', '9012093.jpg', '30');
INSERT INTO `productimage` VALUES ('303', '0', '201604271700562812.jpg', '30');
INSERT INTO `productimage` VALUES ('304', '0', '201604271701418437.jpg', '30');
INSERT INTO `productimage` VALUES ('305', '0', '201604271701491718.jpg', '30');
INSERT INTO `productimage` VALUES ('306', '0', '201604271701418437.jpg', '30');
INSERT INTO `productimage` VALUES ('307', '1', 'by_20180611165811462.jpg', '30');
INSERT INTO `productimage` VALUES ('308', '1', 'by_20180702135732220.jpg', '30');
INSERT INTO `productimage` VALUES ('309', '1', '201642717337140429.jpg', '30');
INSERT INTO `productimage` VALUES ('310', '1', '2016427173425233691.jpg', '30');
INSERT INTO `productimage` VALUES ('311', '1', 'xianhua_cardstyle (1).jpg', '30');
INSERT INTO `productimage` VALUES ('315', '0', '9010094.jpg', '31');
INSERT INTO `productimage` VALUES ('316', '0', '9010094.jpg', '31');
INSERT INTO `productimage` VALUES ('317', '0', '9010094.jpg', '31');
INSERT INTO `productimage` VALUES ('318', '0', '9010094.jpg', '31');
INSERT INTO `productimage` VALUES ('319', '0', '9010094.jpg', '31');
INSERT INTO `productimage` VALUES ('320', '1', '9010094_d.jpg', '31');
INSERT INTO `productimage` VALUES ('321', '1', '9010094_d.jpg', '31');
INSERT INTO `productimage` VALUES ('322', '1', '9010094_d.jpg', '31');
INSERT INTO `productimage` VALUES ('328', '1', 'by_s20200602170729564.jpg', '32');
INSERT INTO `productimage` VALUES ('329', '1', 'by_20191204175543933 (1).jpg', '32');
INSERT INTO `productimage` VALUES ('330', '1', 'by_20200602170753278 (1).jpg', '32');
INSERT INTO `productimage` VALUES ('331', '1', 'by_20191211192916937 (1).jpg', '32');
INSERT INTO `productimage` VALUES ('332', '1', 'by_20200602170810110 (1).jpg', '32');
INSERT INTO `productimage` VALUES ('333', '1', 'by_20191205191449612 (1).jpg', '32');
INSERT INTO `productimage` VALUES ('334', '1', 'by_2019120218263728 (1).jpg', '32');
INSERT INTO `productimage` VALUES ('335', '1', 'by_20191202182637315 (1).jpg', '32');
INSERT INTO `productimage` VALUES ('336', '1', 'by_20190904094756220.jpg', '33');
INSERT INTO `productimage` VALUES ('337', '1', 'by_20180830135627175.jpg', '33');
INSERT INTO `productimage` VALUES ('338', '1', 'by_20180911152034325.jpg', '33');
INSERT INTO `productimage` VALUES ('339', '1', 'by_20180830135627559.jpg', '33');
INSERT INTO `productimage` VALUES ('340', '1', 'by_20180830135627699.jpg', '33');
INSERT INTO `productimage` VALUES ('341', '1', 'by_2018083014003397.jpg', '33');
INSERT INTO `productimage` VALUES ('342', '1', 'by_20180911152041216.jpg', '33');
INSERT INTO `productimage` VALUES ('343', '1', 'by_20180830140043107.jpg', '33');
INSERT INTO `productimage` VALUES ('344', '0', '9010725.jpg', '34');
INSERT INTO `productimage` VALUES ('345', '0', '201505251600033437.jpg', '34');
INSERT INTO `productimage` VALUES ('346', '0', '9010725.jpg', '34');
INSERT INTO `productimage` VALUES ('347', '0', '201505251600033437.jpg', '34');
INSERT INTO `productimage` VALUES ('348', '0', '9010725.jpg', '34');
INSERT INTO `productimage` VALUES ('349', '1', '9010725_d.jpg', '34');
INSERT INTO `productimage` VALUES ('350', '1', '2011481919494491839.jpg', '34');
INSERT INTO `productimage` VALUES ('351', '1', '2011481919494491839.jpg', '34');
INSERT INTO `productimage` VALUES ('354', '1', 'by_20190903105624678.jpg', '36');
INSERT INTO `productimage` VALUES ('355', '1', 'by_20180611161359849.jpg', '36');
INSERT INTO `productimage` VALUES ('356', '1', 'by_2018070211213814.jpg', '36');
INSERT INTO `productimage` VALUES ('357', '1', '20163101827594452563.jpg', '36');
INSERT INTO `productimage` VALUES ('358', '1', '2016310182861451648.jpg', '36');
INSERT INTO `productimage` VALUES ('359', '1', 'by_20180719143221167.jpg', '36');
INSERT INTO `productimage` VALUES ('360', '1', 'xianhua_cardstyle (2).jpg', '36');
INSERT INTO `productimage` VALUES ('361', '0', '9012440.jpg', '35');
INSERT INTO `productimage` VALUES ('362', '0', '201908221540506433.jpg', '35');
INSERT INTO `productimage` VALUES ('363', '0', '201908221541003486.jpg', '35');
INSERT INTO `productimage` VALUES ('364', '0', '201908221541057365.jpg', '35');
INSERT INTO `productimage` VALUES ('365', '0', '201908221541057365.jpg', '35');
INSERT INTO `productimage` VALUES ('366', '1', 'by_20190822154958562.jpg', '35');
INSERT INTO `productimage` VALUES ('367', '1', 'by_20190822154958784.jpg', '35');
INSERT INTO `productimage` VALUES ('368', '1', 'by_20190822154958945.jpg', '35');
INSERT INTO `productimage` VALUES ('369', '1', 'by_20191211192248459.jpg', '35');
INSERT INTO `productimage` VALUES ('370', '1', 'by_20190822154959268.jpg', '35');
INSERT INTO `productimage` VALUES ('371', '1', 'by_20210415181600696.jpg', '37');
INSERT INTO `productimage` VALUES ('372', '1', 'by_20210415181600961.jpg', '37');
INSERT INTO `productimage` VALUES ('373', '1', 'by_20210415181601112.jpg', '37');
INSERT INTO `productimage` VALUES ('374', '1', 'by_20210415181601287.jpg', '37');
INSERT INTO `productimage` VALUES ('375', '1', 'by_20210415181601449.jpg', '37');
INSERT INTO `productimage` VALUES ('376', '1', 'by_20210415181601623.jpg', '37');
INSERT INTO `productimage` VALUES ('377', '1', 'by_20210415181601901.jpg', '37');
INSERT INTO `productimage` VALUES ('378', '1', 'by_20210415181602169.jpg', '37');
INSERT INTO `productimage` VALUES ('379', '0', '1073129.jpg', '38');
INSERT INTO `productimage` VALUES ('380', '0', '201808081530010592.jpg', '38');
INSERT INTO `productimage` VALUES ('381', '0', '201808081530051289.jpg', '38');
INSERT INTO `productimage` VALUES ('382', '0', '201808081530148608.jpg', '38');
INSERT INTO `productimage` VALUES ('383', '0', '201808081530010592.jpg', '38');
INSERT INTO `productimage` VALUES ('384', '1', 'by_20180808152921835.jpg', '38');
INSERT INTO `productimage` VALUES ('385', '1', 'by_20180808152922381.jpg', '38');
INSERT INTO `productimage` VALUES ('386', '1', 'by_20180808152922693.jpg', '38');
INSERT INTO `productimage` VALUES ('387', '1', 'by_20180808152923214.jpg', '38');
INSERT INTO `productimage` VALUES ('388', '1', 'by_20180808152923612.jpg', '38');
INSERT INTO `productimage` VALUES ('389', '1', 'by_20180808152924215.jpg', '38');
INSERT INTO `productimage` VALUES ('390', '1', 'by_20180808152924574.jpg', '38');
INSERT INTO `productimage` VALUES ('391', '1', 'by_20180808152925473.jpg', '38');
INSERT INTO `productimage` VALUES ('392', '1', 'by_20200818151414843.jpg', '39');
INSERT INTO `productimage` VALUES ('393', '1', 'by_20200923103154324.jpg', '39');
INSERT INTO `productimage` VALUES ('394', '1', 'by_20200818151415159.jpg', '39');
INSERT INTO `productimage` VALUES ('395', '1', 'by_20200818151415304.jpg', '39');
INSERT INTO `productimage` VALUES ('396', '1', 'by_20200818151415453.jpg', '39');
INSERT INTO `productimage` VALUES ('397', '1', 'by_20200818151415561.jpg', '39');
INSERT INTO `productimage` VALUES ('398', '1', 'by_20200818151415694.jpg', '39');
INSERT INTO `productimage` VALUES ('399', '1', 'by_2020081815141691.jpg', '39');
INSERT INTO `productimage` VALUES ('400', '0', '1076124.jpg', '40');
INSERT INTO `productimage` VALUES ('401', '0', '202103031121537442.jpg', '40');
INSERT INTO `productimage` VALUES ('402', '0', '202103031124199632.jpg', '40');
INSERT INTO `productimage` VALUES ('403', '0', '202103031123513518.jpg', '40');
INSERT INTO `productimage` VALUES ('404', '0', '202103031123513518.jpg', '40');
INSERT INTO `productimage` VALUES ('405', '1', 'by_20210303112804560.jpg', '40');
INSERT INTO `productimage` VALUES ('406', '1', 'by_20210303112804751.jpg', '40');
INSERT INTO `productimage` VALUES ('407', '1', 'by_2021030311280520.jpg', '40');
INSERT INTO `productimage` VALUES ('408', '1', 'by_20210303112805222.jpg', '40');
INSERT INTO `productimage` VALUES ('409', '1', 'by_20210303112805429.jpg', '40');
INSERT INTO `productimage` VALUES ('410', '0', '1065046.jpg', '41');
INSERT INTO `productimage` VALUES ('411', '0', '202004221410039135.jpg', '41');
INSERT INTO `productimage` VALUES ('412', '0', '202004221410114284.jpg', '41');
INSERT INTO `productimage` VALUES ('413', '0', '202004221410162647.jpg', '41');
INSERT INTO `productimage` VALUES ('414', '0', '202004221410162647.jpg', '41');
INSERT INTO `productimage` VALUES ('415', '1', 'by_20200415184259790.jpg', '41');
INSERT INTO `productimage` VALUES ('416', '1', 'by_2020041518430036.jpg', '41');
INSERT INTO `productimage` VALUES ('417', '1', 'by_20200415184300218.jpg', '41');
INSERT INTO `productimage` VALUES ('418', '1', 'by_20200415184300408.jpg', '41');
INSERT INTO `productimage` VALUES ('419', '1', 'by_20200415184300619.jpg', '41');
INSERT INTO `productimage` VALUES ('508', '0', '9012154.jpg', '6');
INSERT INTO `productimage` VALUES ('509', '0', '201909021852307384.jpg', '6');
INSERT INTO `productimage` VALUES ('510', '0', '201708161907596226.jpg', '6');
INSERT INTO `productimage` VALUES ('511', '0', '201909021902279639.jpg', '6');
INSERT INTO `productimage` VALUES ('512', '0', '201909021902279639.jpg', '6');
INSERT INTO `productimage` VALUES ('513', '0', '9012452.jpg', '8');
INSERT INTO `productimage` VALUES ('514', '0', '202004091616390990.jpg', '8');
INSERT INTO `productimage` VALUES ('515', '0', '202004091616452946.jpg', '8');
INSERT INTO `productimage` VALUES ('516', '0', '202004091616513375.jpg', '8');
INSERT INTO `productimage` VALUES ('517', '0', '202004091616513375.jpg', '8');
INSERT INTO `productimage` VALUES ('518', '0', '9012455.jpg', '10');
INSERT INTO `productimage` VALUES ('519', '0', '202006021702261705.jpg', '10');
INSERT INTO `productimage` VALUES ('520', '0', '202006021702317651.jpg', '10');
INSERT INTO `productimage` VALUES ('521', '0', '202006021702381324.jpg', '10');
INSERT INTO `productimage` VALUES ('522', '0', '202006021702381324.jpg', '10');
INSERT INTO `productimage` VALUES ('523', '0', '9010890.jpg', '11');
INSERT INTO `productimage` VALUES ('524', '0', '201505222015211875.jpg', '11');
INSERT INTO `productimage` VALUES ('525', '0', '9010890.jpg', '11');
INSERT INTO `productimage` VALUES ('526', '0', '201505222015306562.jpg', '11');
INSERT INTO `productimage` VALUES ('527', '0', '9010890.jpg', '11');
INSERT INTO `productimage` VALUES ('528', '0', '9012493.jpg', '14');
INSERT INTO `productimage` VALUES ('529', '0', '202101191852505646.jpg', '14');
INSERT INTO `productimage` VALUES ('530', '0', '202101191503507872.jpg', '14');
INSERT INTO `productimage` VALUES ('531', '0', '202101191503440714.jpg', '14');
INSERT INTO `productimage` VALUES ('532', '0', '9012494.jpg', '14');
INSERT INTO `productimage` VALUES ('533', '0', '20210425174536.png', '16');
INSERT INTO `productimage` VALUES ('534', '0', '20210425174558.png', '16');
INSERT INTO `productimage` VALUES ('535', '0', '20210425174612.png', '16');
INSERT INTO `productimage` VALUES ('536', '0', '20210425174625.png', '16');
INSERT INTO `productimage` VALUES ('537', '0', '20210425174558.png', '16');
INSERT INTO `productimage` VALUES ('538', '0', '9012449.jpg', '20');
INSERT INTO `productimage` VALUES ('539', '0', '201911271912375239.jpg', '20');
INSERT INTO `productimage` VALUES ('540', '0', '201911271912417352.jpg', '20');
INSERT INTO `productimage` VALUES ('541', '0', '201912091801275862.jpg', '20');
INSERT INTO `productimage` VALUES ('542', '0', '201912091801275862.jpg', '20');
INSERT INTO `productimage` VALUES ('543', '0', '9012503.jpg', '26');
INSERT INTO `productimage` VALUES ('544', '0', '202104191900163064.jpg', '26');
INSERT INTO `productimage` VALUES ('545', '0', '202104091048216713.jpg', '26');
INSERT INTO `productimage` VALUES ('546', '0', '202104091048263091.jpg', '26');
INSERT INTO `productimage` VALUES ('547', '0', '202104091048263091.jpg', '26');
INSERT INTO `productimage` VALUES ('548', '0', '20210425181257.png', '28');
INSERT INTO `productimage` VALUES ('549', '0', '20210425181314.png', '28');
INSERT INTO `productimage` VALUES ('550', '0', '20210425181257.png', '28');
INSERT INTO `productimage` VALUES ('551', '0', '20210425181329.png', '28');
INSERT INTO `productimage` VALUES ('552', '0', '20210425181342.png', '28');
INSERT INTO `productimage` VALUES ('553', '0', '901245s2.jpg', '32');
INSERT INTO `productimage` VALUES ('554', '0', '202004091616390990 (1).jpg', '32');
INSERT INTO `productimage` VALUES ('555', '0', '202004091616452946 (1).jpg', '32');
INSERT INTO `productimage` VALUES ('556', '0', '202004091616513375 (1).jpg', '32');
INSERT INTO `productimage` VALUES ('557', '0', '202004091616513375 (1).jpg', '32');
INSERT INTO `productimage` VALUES ('558', '0', '9092149.jpg', '33');
INSERT INTO `productimage` VALUES ('559', '0', '201909050932454047.jpg', '33');
INSERT INTO `productimage` VALUES ('560', '0', '201808301444339719.jpg', '33');
INSERT INTO `productimage` VALUES ('561', '0', '201808301354152720.jpg', '33');
INSERT INTO `productimage` VALUES ('562', '0', '201808301354152720.jpg', '33');
INSERT INTO `productimage` VALUES ('563', '0', '9012072.jpg', '36');
INSERT INTO `productimage` VALUES ('564', '0', '201909021918192072.jpg', '36');
INSERT INTO `productimage` VALUES ('565', '0', '201603101825511093.jpg', '36');
INSERT INTO `productimage` VALUES ('566', '0', '201603101826075625.jpg', '36');
INSERT INTO `productimage` VALUES ('567', '0', '201603101826075625.jpg', '36');
INSERT INTO `productimage` VALUES ('568', '0', '9012510.jpg', '37');
INSERT INTO `productimage` VALUES ('569', '0', '202104151812466061.jpg', '37');
INSERT INTO `productimage` VALUES ('570', '0', '202104151812515804.jpg', '37');
INSERT INTO `productimage` VALUES ('571', '0', '202104161151335771.jpg', '37');
INSERT INTO `productimage` VALUES ('572', '0', '202104151812466061.jpg', '37');
INSERT INTO `productimage` VALUES ('573', '0', '1073255.jpg', '39');
INSERT INTO `productimage` VALUES ('574', '0', '202008181514548633.jpg', '39');
INSERT INTO `productimage` VALUES ('575', '0', '202008181515013717.jpg', '39');
INSERT INTO `productimage` VALUES ('576', '0', '202008181515065501.jpg', '39');
INSERT INTO `productimage` VALUES ('577', '0', '202008181515065501.jpg', '39');
INSERT INTO `productimage` VALUES ('1041', '1', 'by_20180605171307848.jpg', '5');
INSERT INTO `productimage` VALUES ('1042', '1', '20180226174111753.jpg', '5');
INSERT INTO `productimage` VALUES ('1043', '1', '20180226174113353.jpg', '5');
INSERT INTO `productimage` VALUES ('1044', '1', '20180226174902982.jpg', '12');
INSERT INTO `productimage` VALUES ('1045', '1', '201708161909373204697523.jpg', '6');
INSERT INTO `productimage` VALUES ('1046', '1', '201708161909373324213090.jpg', '6');
INSERT INTO `productimage` VALUES ('1047', '1', '201708161909379837241355.jpg', '6');
INSERT INTO `productimage` VALUES ('1048', '1', 'by_20200110150714327.jpg', '10');
INSERT INTO `productimage` VALUES ('1049', '1', 'by_20190822154959449.jpg', '35');
INSERT INTO `productimage` VALUES ('1050', '1', 'by_20190822154959736.jpg', '35');
INSERT INTO `productimage` VALUES ('1051', '1', 'by_20190822154959913.jpg', '35');
INSERT INTO `productimage` VALUES ('1052', '1', 'by_20190822155000468.jpg', '35');

-- ----------------------------
-- Table structure for productorder
-- ----------------------------
DROP TABLE IF EXISTS `productorder`;
CREATE TABLE `productorder` (
  `productorder_id` int(10) NOT NULL AUTO_INCREMENT,
  `productorder_code` varchar(30) NOT NULL COMMENT '订单号',
  `productorder_address` char(6) NOT NULL COMMENT '产品地址',
  `productorder_detail_address` varchar(255) NOT NULL COMMENT '产品详细地址',
  `productorder_post` char(6) DEFAULT NULL COMMENT '邮政编码',
  `productorder_receiver` varchar(20) NOT NULL COMMENT '收货人',
  `productorder_mobile` char(11) NOT NULL COMMENT '联系方式',
  `productorder_pay_date` datetime NOT NULL COMMENT '支付日期',
  `productorder_delivery_date` datetime DEFAULT NULL COMMENT '发货日期',
  `productorder_confirm_date` datetime DEFAULT NULL COMMENT '确认日期',
  `productorder_status` tinyint(1) NOT NULL COMMENT '订单状态(0:待付款 1:待发货 2:待确认 3:交易成功 4:交易关闭)',
  `productorder_user_id` int(10) NOT NULL COMMENT '用户id',
  PRIMARY KEY (`productorder_id`) USING BTREE,
  UNIQUE KEY `un_productorder_code` (`productorder_code`) USING BTREE,
  KEY `productorder_address` (`productorder_address`) USING BTREE,
  KEY `productorder_ibfk_2` (`productorder_user_id`) USING BTREE,
  CONSTRAINT `productorder_ibfk_1` FOREIGN KEY (`productorder_address`) REFERENCES `address` (`address_areaId`),
  CONSTRAINT `productorder_ibfk_2` FOREIGN KEY (`productorder_user_id`) REFERENCES `user` (`user_id`) ON DELETE CASCADE
) ENGINE=InnoDB AUTO_INCREMENT=241 DEFAULT CHARSET=utf8 ROW_FORMAT=DYNAMIC COMMENT='产品订单表';

-- ----------------------------
-- Records of productorder
-- ----------------------------
INSERT INTO `productorder` VALUES ('230', '20210425194050022', '210204', '软件园', '', 'bihe', '13879790000', '2021-04-25 19:40:51', '2021-04-25 19:40:59', '2021-04-25 19:42:39', '3', '22');
INSERT INTO `productorder` VALUES ('231', '20210425210148022', '210211', '软件园', '', '小赵', '13455556666', '2021-04-25 21:01:50', '2021-04-25 21:02:18', '2021-04-26 22:22:57', '3', '22');
INSERT INTO `productorder` VALUES ('233', '20210425210425022', '210211', '软件园', '', '豆豆', '13455556222', '2021-04-25 21:04:25', null, null, '0', '22');
INSERT INTO `productorder` VALUES ('234', '20210426122934022', '110107', '软件园', '', '软件园', '13455556777', '2021-04-26 12:29:36', null, null, '1', '22');
INSERT INTO `productorder` VALUES ('235', '20210426222220022', '150105', '大学', '', 'bihe', '13455557777', '2021-04-26 22:22:23', '2021-05-08 16:29:57', null, '2', '22');
INSERT INTO `productorder` VALUES ('236', '20210426222749022', '210213', '大连大学', '', 'bihe', '13455557777', '2021-04-26 22:27:50', null, null, '1', '22');
INSERT INTO `productorder` VALUES ('237', '20210426223427022', '130102', '大连大学', '', 'bihe', '13455557777', '2021-04-26 22:34:28', '2021-05-08 16:29:44', null, '2', '22');
INSERT INTO `productorder` VALUES ('238', '20210426224319022', '150102', '大连大学', '', 'bihe', '13455557777', '2021-04-26 22:43:20', '2021-04-26 22:47:45', '2021-04-26 22:48:08', '3', '22');
INSERT INTO `productorder` VALUES ('239', '20210504221050022', '110101', '奈曼一中', '', '奈曼一中', '13887879999', '2021-05-04 22:10:53', null, null, '1', '22');
INSERT INTO `productorder` VALUES ('240', '20210508155619022', '110101', '奈曼一中', '', '奈曼一中', '13887874543', '2021-05-08 15:56:19', null, null, '0', '22');

-- ----------------------------
-- Table structure for productorderitem
-- ----------------------------
DROP TABLE IF EXISTS `productorderitem`;
CREATE TABLE `productorderitem` (
  `productorderitem_id` int(10) NOT NULL AUTO_INCREMENT,
  `productorderitem_number` smallint(5) unsigned NOT NULL COMMENT '数量',
  `productorderitem_price` decimal(10,2) NOT NULL COMMENT '单价',
  `productorderitem_product_id` int(10) NOT NULL COMMENT '关联产品id',
  `productorderitem_order_id` int(10) DEFAULT NULL COMMENT '关联订单id',
  `productorderitem_user_id` int(10) NOT NULL COMMENT '关联用户id',
  `productorderitem_userMessage` varchar(255) DEFAULT NULL COMMENT '用户备注',
  PRIMARY KEY (`productorderitem_id`) USING BTREE,
  KEY `productorderitem_product_id` (`productorderitem_product_id`) USING BTREE,
  KEY `productorderitem_order_id` (`productorderitem_order_id`) USING BTREE,
  KEY `productorderitem_user_id` (`productorderitem_user_id`) USING BTREE,
  CONSTRAINT `productorderitem_ibfk_1` FOREIGN KEY (`productorderitem_product_id`) REFERENCES `product` (`product_id`),
  CONSTRAINT `productorderitem_ibfk_2` FOREIGN KEY (`productorderitem_order_id`) REFERENCES `productorder` (`productorder_id`) ON DELETE CASCADE,
  CONSTRAINT `productorderitem_ibfk_3` FOREIGN KEY (`productorderitem_user_id`) REFERENCES `user` (`user_id`)
) ENGINE=InnoDB AUTO_INCREMENT=310 DEFAULT CHARSET=utf8 ROW_FORMAT=DYNAMIC COMMENT='产品订单详细表';

-- ----------------------------
-- Records of productorderitem
-- ----------------------------
INSERT INTO `productorderitem` VALUES ('295', '2', '118.00', '13', '230', '22', '');
INSERT INTO `productorderitem` VALUES ('296', '2', '658.00', '24', '231', '22', '');
INSERT INTO `productorderitem` VALUES ('298', '1', '469.00', '30', '233', '22', '');
INSERT INTO `productorderitem` VALUES ('299', '7', '973.00', '3', '235', '22', '');
INSERT INTO `productorderitem` VALUES ('300', '4', '236.00', '34', '234', '22', '');
INSERT INTO `productorderitem` VALUES ('302', '1', '118.00', '31', '235', '22', '');
INSERT INTO `productorderitem` VALUES ('304', '5', '2345.00', '30', '236', '22', '');
INSERT INTO `productorderitem` VALUES ('305', '1', '199.00', '2', '237', '22', '');
INSERT INTO `productorderitem` VALUES ('306', '2', '938.00', '30', '238', '22', '');
INSERT INTO `productorderitem` VALUES ('307', '1', '139.00', '16', '239', '22', '');
INSERT INTO `productorderitem` VALUES ('308', '1', '139.00', '21', null, '22', null);
INSERT INTO `productorderitem` VALUES ('309', '1', '59.00', '13', '240', '22', '');

-- ----------------------------
-- Table structure for property
-- ----------------------------
DROP TABLE IF EXISTS `property`;
CREATE TABLE `property` (
  `property_id` int(10) NOT NULL AUTO_INCREMENT,
  `property_name` varchar(25) NOT NULL COMMENT '属性名称',
  `property_category_id` int(10) NOT NULL COMMENT '关联类别id',
  PRIMARY KEY (`property_id`) USING BTREE,
  KEY `property_category_id` (`property_category_id`) USING BTREE,
  CONSTRAINT `property_ibfk_1` FOREIGN KEY (`property_category_id`) REFERENCES `category` (`category_id`) ON DELETE CASCADE
) ENGINE=InnoDB AUTO_INCREMENT=319 DEFAULT CHARSET=utf8 ROW_FORMAT=DYNAMIC COMMENT='类别属性表';

-- ----------------------------
-- Records of property
-- ----------------------------
INSERT INTO `property` VALUES ('1', '店铺地址', '1');
INSERT INTO `property` VALUES ('2', '店铺', '1');
INSERT INTO `property` VALUES ('3', '风格', '1');
INSERT INTO `property` VALUES ('4', '重量', '1');
INSERT INTO `property` VALUES ('5', '类别', '1');
INSERT INTO `property` VALUES ('6', '送礼对象', '1');
INSERT INTO `property` VALUES ('7', '适合节日', '1');
INSERT INTO `property` VALUES ('8', '适合场合', '1');
INSERT INTO `property` VALUES ('9', '适用年龄', '1');
INSERT INTO `property` VALUES ('10', '选购用途', '1');
INSERT INTO `property` VALUES ('11', '款式', '1');
INSERT INTO `property` VALUES ('12', '保质期', '1');
INSERT INTO `property` VALUES ('13', '店铺地址', '2');
INSERT INTO `property` VALUES ('14', '店铺', '2');
INSERT INTO `property` VALUES ('15', '风格', '2');
INSERT INTO `property` VALUES ('16', '重量', '2');
INSERT INTO `property` VALUES ('17', '类别', '2');
INSERT INTO `property` VALUES ('18', '送礼对象', '2');
INSERT INTO `property` VALUES ('19', '适合节日', '2');
INSERT INTO `property` VALUES ('20', '适合场合', '2');
INSERT INTO `property` VALUES ('21', '适用年龄', '2');
INSERT INTO `property` VALUES ('22', '选购用途', '2');
INSERT INTO `property` VALUES ('23', '款式', '2');
INSERT INTO `property` VALUES ('24', '保质期', '2');
INSERT INTO `property` VALUES ('247', '店铺地址', '3');
INSERT INTO `property` VALUES ('248', '店铺', '3');
INSERT INTO `property` VALUES ('249', '风格', '3');
INSERT INTO `property` VALUES ('250', '重量', '3');
INSERT INTO `property` VALUES ('251', '类别', '3');
INSERT INTO `property` VALUES ('252', '送礼对象', '3');
INSERT INTO `property` VALUES ('253', '适合节日', '3');
INSERT INTO `property` VALUES ('254', '适合场合', '3');
INSERT INTO `property` VALUES ('255', '适用年龄', '3');
INSERT INTO `property` VALUES ('256', '选购用途', '3');
INSERT INTO `property` VALUES ('257', '款式', '3');
INSERT INTO `property` VALUES ('258', '保质期', '3');
INSERT INTO `property` VALUES ('259', '店铺地址', '4');
INSERT INTO `property` VALUES ('260', '店铺', '4');
INSERT INTO `property` VALUES ('261', '风格', '4');
INSERT INTO `property` VALUES ('262', '重量', '4');
INSERT INTO `property` VALUES ('263', '类别', '4');
INSERT INTO `property` VALUES ('264', '送礼对象', '4');
INSERT INTO `property` VALUES ('265', '适合节日', '4');
INSERT INTO `property` VALUES ('266', '适合场合', '4');
INSERT INTO `property` VALUES ('267', '适用年龄', '4');
INSERT INTO `property` VALUES ('268', '选购用途', '4');
INSERT INTO `property` VALUES ('269', '款式', '4');
INSERT INTO `property` VALUES ('270', '保质期', '4');
INSERT INTO `property` VALUES ('271', '店铺地址', '5');
INSERT INTO `property` VALUES ('272', '店铺', '5');
INSERT INTO `property` VALUES ('273', '风格', '5');
INSERT INTO `property` VALUES ('274', '重量', '5');
INSERT INTO `property` VALUES ('275', '类别', '5');
INSERT INTO `property` VALUES ('276', '送礼对象', '5');
INSERT INTO `property` VALUES ('277', '适合节日', '5');
INSERT INTO `property` VALUES ('278', '适合场合', '5');
INSERT INTO `property` VALUES ('279', '适用年龄', '5');
INSERT INTO `property` VALUES ('280', '选购用途', '5');
INSERT INTO `property` VALUES ('281', '款式', '5');
INSERT INTO `property` VALUES ('282', '保质期', '5');
INSERT INTO `property` VALUES ('283', '店铺地址', '6');
INSERT INTO `property` VALUES ('284', '店铺', '6');
INSERT INTO `property` VALUES ('285', '风格', '6');
INSERT INTO `property` VALUES ('286', '重量', '6');
INSERT INTO `property` VALUES ('287', '类别', '6');
INSERT INTO `property` VALUES ('288', '送礼对象', '6');
INSERT INTO `property` VALUES ('289', '适合节日', '6');
INSERT INTO `property` VALUES ('290', '适合场合', '6');
INSERT INTO `property` VALUES ('291', '适用年龄', '6');
INSERT INTO `property` VALUES ('292', '选购用途', '6');
INSERT INTO `property` VALUES ('293', '款式', '6');
INSERT INTO `property` VALUES ('294', '保质期', '6');
INSERT INTO `property` VALUES ('295', '店铺地址', '7');
INSERT INTO `property` VALUES ('296', '店铺', '7');
INSERT INTO `property` VALUES ('297', '风格', '7');
INSERT INTO `property` VALUES ('298', '重量', '7');
INSERT INTO `property` VALUES ('299', '类别', '7');
INSERT INTO `property` VALUES ('300', '送礼对象', '7');
INSERT INTO `property` VALUES ('301', '适合节日', '7');
INSERT INTO `property` VALUES ('302', '适合场合', '7');
INSERT INTO `property` VALUES ('303', '适用年龄', '7');
INSERT INTO `property` VALUES ('304', '选购用途', '7');
INSERT INTO `property` VALUES ('305', '款式', '7');
INSERT INTO `property` VALUES ('306', '保质期', '7');
INSERT INTO `property` VALUES ('307', '店铺地址', '8');
INSERT INTO `property` VALUES ('308', '店铺', '8');
INSERT INTO `property` VALUES ('309', '风格', '8');
INSERT INTO `property` VALUES ('310', '重量', '8');
INSERT INTO `property` VALUES ('311', '类别', '8');
INSERT INTO `property` VALUES ('312', '送礼对象', '8');
INSERT INTO `property` VALUES ('313', '适合节日', '8');
INSERT INTO `property` VALUES ('314', '适合场合', '8');
INSERT INTO `property` VALUES ('315', '适用年龄', '8');
INSERT INTO `property` VALUES ('316', '选购用途', '8');
INSERT INTO `property` VALUES ('317', '款式', '8');
INSERT INTO `property` VALUES ('318', '保质期', '8');

-- ----------------------------
-- Table structure for propertyvalue
-- ----------------------------
DROP TABLE IF EXISTS `propertyvalue`;
CREATE TABLE `propertyvalue` (
  `propertyvalue_id` int(10) NOT NULL AUTO_INCREMENT,
  `propertyvalue_value` varchar(100) NOT NULL COMMENT '属性值',
  `propertyvalue_property_id` int(10) NOT NULL COMMENT '关联属性id',
  `propertyvalue_product_id` int(10) NOT NULL COMMENT '关联产品id',
  PRIMARY KEY (`propertyvalue_id`) USING BTREE,
  KEY `propertyvalue_property_id` (`propertyvalue_property_id`) USING BTREE,
  KEY `propertyvalue_product_id` (`propertyvalue_product_id`) USING BTREE,
  CONSTRAINT `propertyvalue_ibfk_1` FOREIGN KEY (`propertyvalue_property_id`) REFERENCES `property` (`property_id`) ON DELETE CASCADE,
  CONSTRAINT `propertyvalue_ibfk_2` FOREIGN KEY (`propertyvalue_product_id`) REFERENCES `product` (`product_id`)
) ENGINE=InnoDB AUTO_INCREMENT=318 DEFAULT CHARSET=utf8 ROW_FORMAT=DYNAMIC COMMENT='产品属性管理表';

-- ----------------------------
-- Records of propertyvalue
-- ----------------------------
INSERT INTO `propertyvalue` VALUES ('1', '温馨', '3', '1');
INSERT INTO `propertyvalue` VALUES ('2', '大连大黑山', '2', '1');
INSERT INTO `propertyvalue` VALUES ('3', '欣赏', '10', '1');
INSERT INTO `propertyvalue` VALUES ('4', '大连', '1', '1');
INSERT INTO `propertyvalue` VALUES ('5', '愚人节', '7', '1');
INSERT INTO `propertyvalue` VALUES ('6', '朋友', '6', '1');
INSERT INTO `propertyvalue` VALUES ('7', '鲜花速递', '5', '1');
INSERT INTO `propertyvalue` VALUES ('8', '0.2kg', '4', '1');
INSERT INTO `propertyvalue` VALUES ('9', '18-44周岁', '9', '1');
INSERT INTO `propertyvalue` VALUES ('10', '公共', '8', '1');
INSERT INTO `propertyvalue` VALUES ('11', '白色 红色 黄色', '11', '1');
INSERT INTO `propertyvalue` VALUES ('12', '15天', '12', '1');
INSERT INTO `propertyvalue` VALUES ('13', '通勤', '3', '2');
INSERT INTO `propertyvalue` VALUES ('14', '宽松', '2', '2');
INSERT INTO `propertyvalue` VALUES ('15', '2018年春季', '10', '2');
INSERT INTO `propertyvalue` VALUES ('16', '棉98.4% 粘胶纤维(粘纤)1.6%', '1', '2');
INSERT INTO `propertyvalue` VALUES ('17', '纯色', '7', '2');
INSERT INTO `propertyvalue` VALUES ('18', '连帽', '6', '2');
INSERT INTO `propertyvalue` VALUES ('19', '长袖', '5', '2');
INSERT INTO `propertyvalue` VALUES ('20', '中长款', '4', '2');
INSERT INTO `propertyvalue` VALUES ('21', '18-24周岁', '9', '2');
INSERT INTO `propertyvalue` VALUES ('22', '乔琪诺', '8', '2');
INSERT INTO `propertyvalue` VALUES ('23', '蓝色', '11', '2');
INSERT INTO `propertyvalue` VALUES ('24', 'XS S M L', '12', '2');
INSERT INTO `propertyvalue` VALUES ('35', '通勤', '3', '5');
INSERT INTO `propertyvalue` VALUES ('36', '宽松', '2', '5');
INSERT INTO `propertyvalue` VALUES ('37', '2018年春季', '10', '5');
INSERT INTO `propertyvalue` VALUES ('38', '棉80% 聚酯纤维20%', '1', '5');
INSERT INTO `propertyvalue` VALUES ('39', '字母', '7', '5');
INSERT INTO `propertyvalue` VALUES ('40', '连帽', '6', '5');
INSERT INTO `propertyvalue` VALUES ('41', '长袖', '5', '5');
INSERT INTO `propertyvalue` VALUES ('42', '短款', '4', '5');
INSERT INTO `propertyvalue` VALUES ('43', '18-24周岁', '9', '5');
INSERT INTO `propertyvalue` VALUES ('44', '沂森', '8', '5');
INSERT INTO `propertyvalue` VALUES ('45', '白色MOU 粉色MOU 姜黄MOU 蓝色MOU 卡其MOU 红色MOU 黑色MOU 灰色MOU 姜', '11', '5');
INSERT INTO `propertyvalue` VALUES ('46', 'S M L XL', '12', '5');
INSERT INTO `propertyvalue` VALUES ('60', '通勤', '3', '9');
INSERT INTO `propertyvalue` VALUES ('61', '直筒', '2', '9');
INSERT INTO `propertyvalue` VALUES ('62', '2018年春季', '10', '9');
INSERT INTO `propertyvalue` VALUES ('63', '棉94% 聚氨酯弹性纤维(氨纶)6%', '1', '9');
INSERT INTO `propertyvalue` VALUES ('64', '人物', '7', '9');
INSERT INTO `propertyvalue` VALUES ('65', '连帽', '6', '9');
INSERT INTO `propertyvalue` VALUES ('66', '长袖', '5', '9');
INSERT INTO `propertyvalue` VALUES ('67', '常规', '4', '9');
INSERT INTO `propertyvalue` VALUES ('68', '18-24周岁', '9', '9');
INSERT INTO `propertyvalue` VALUES ('69', 'Loytio/洛蒂欧', '8', '9');
INSERT INTO `propertyvalue` VALUES ('70', '白色 绿色', '11', '9');
INSERT INTO `propertyvalue` VALUES ('71', '均码', '12', '9');
INSERT INTO `propertyvalue` VALUES ('85', '街头', '3', '12');
INSERT INTO `propertyvalue` VALUES ('86', '宽松', '2', '12');
INSERT INTO `propertyvalue` VALUES ('87', '2018年春季', '10', '12');
INSERT INTO `propertyvalue` VALUES ('88', '棉100%', '1', '12');
INSERT INTO `propertyvalue` VALUES ('89', '字母', '7', '12');
INSERT INTO `propertyvalue` VALUES ('90', '圆领', '6', '12');
INSERT INTO `propertyvalue` VALUES ('91', '短袖', '5', '12');
INSERT INTO `propertyvalue` VALUES ('92', '常规款', '4', '12');
INSERT INTO `propertyvalue` VALUES ('93', '25-29周岁', '9', '12');
INSERT INTO `propertyvalue` VALUES ('94', 'ELF SACK/妖精的口袋', '8', '12');
INSERT INTO `propertyvalue` VALUES ('95', '芝士白（SLXL预售4.27发)', '11', '12');
INSERT INTO `propertyvalue` VALUES ('96', 'S M L XL', '12', '12');
INSERT INTO `propertyvalue` VALUES ('109', '2018年夏季', '10', '15');
INSERT INTO `propertyvalue` VALUES ('110', '棉91.3% 聚酯纤维7.3% 聚氨酯弹性纤维(氨纶)1.4%', '1', '15');
INSERT INTO `propertyvalue` VALUES ('111', '25-29周岁', '9', '15');
INSERT INTO `propertyvalue` VALUES ('112', 'ESE·Y/逸阳', '8', '15');
INSERT INTO `propertyvalue` VALUES ('113', '牛仔蓝-八分 浅蓝色-八分 牛仔蓝-九分', '11', '15');
INSERT INTO `propertyvalue` VALUES ('114', '25/5 26/7 27/9 28/11 29/13 30/15 31/17 32//19 33/', '12', '15');
INSERT INTO `propertyvalue` VALUES ('126', '通勤', '3', '18');
INSERT INTO `propertyvalue` VALUES ('127', '2018年夏季', '10', '18');
INSERT INTO `propertyvalue` VALUES ('128', '聚酯纤维100%', '1', '18');
INSERT INTO `propertyvalue` VALUES ('129', '碎花', '7', '18');
INSERT INTO `propertyvalue` VALUES ('130', 'V领', '6', '18');
INSERT INTO `propertyvalue` VALUES ('131', '短袖', '5', '18');
INSERT INTO `propertyvalue` VALUES ('132', '中裙', '4', '18');
INSERT INTO `propertyvalue` VALUES ('133', '35-39周岁', '9', '18');
INSERT INTO `propertyvalue` VALUES ('134', 'Koradior/珂莱蒂尔', '8', '18');
INSERT INTO `propertyvalue` VALUES ('135', '花色', '11', '18');
INSERT INTO `propertyvalue` VALUES ('136', 'S M L XL XXL', '12', '18');
INSERT INTO `propertyvalue` VALUES ('147', '其他', '3', '20');
INSERT INTO `propertyvalue` VALUES ('148', '标准', '2', '20');
INSERT INTO `propertyvalue` VALUES ('149', '聚酯纤维58.5% 棉41.5%', '1', '20');
INSERT INTO `propertyvalue` VALUES ('150', '纯色', '7', '20');
INSERT INTO `propertyvalue` VALUES ('151', '尖领（常规）', '6', '20');
INSERT INTO `propertyvalue` VALUES ('152', '短袖', '5', '20');
INSERT INTO `propertyvalue` VALUES ('153', '青年', '9', '20');
INSERT INTO `propertyvalue` VALUES ('154', '秋季', '10', '21');
INSERT INTO `propertyvalue` VALUES ('155', '棉63.5% 聚酯纤维31.6% 聚氨酯弹性纤维(氨纶)4.9%', '1', '21');
INSERT INTO `propertyvalue` VALUES ('156', '25-35周岁', '9', '21');
INSERT INTO `propertyvalue` VALUES ('157', 'Free Breath/自由呼吸', '8', '21');
INSERT INTO `propertyvalue` VALUES ('158', '桔红【预售L 4/25陆续发货】 浅粉【预售M/L/XL/2XL 4/25陆续发货】 柠黄【预售M', '11', '21');
INSERT INTO `propertyvalue` VALUES ('159', 'L M XL XXL XXXL', '12', '21');
INSERT INTO `propertyvalue` VALUES ('169', '2018年夏季', '10', '23');
INSERT INTO `propertyvalue` VALUES ('170', '棉95% 聚氨酯弹性纤维(氨纶)5%', '1', '23');
INSERT INTO `propertyvalue` VALUES ('171', '25-35周岁', '9', '23');
INSERT INTO `propertyvalue` VALUES ('172', '梦辕', '8', '23');
INSERT INTO `propertyvalue` VALUES ('173', '彩蓝+白裤 荧光绿+白裤 玫红+黑裤 白色+白裤 玫红+白裤 彩蓝+黑裤 荧光绿+黑裤 白色+黑裤', '11', '23');
INSERT INTO `propertyvalue` VALUES ('174', 'L【建议102-112斤】 M【建议92-102斤】 S 【建议65-92斤】 XL【建议112-', '12', '23');
INSERT INTO `propertyvalue` VALUES ('184', '2018年春季', '10', '25');
INSERT INTO `propertyvalue` VALUES ('185', '聚酯纤维95% 聚氨酯弹性纤维(氨纶)5%', '1', '25');
INSERT INTO `propertyvalue` VALUES ('186', '25-35周岁', '9', '25');
INSERT INTO `propertyvalue` VALUES ('187', 'PHICIA/菲西娅', '8', '25');
INSERT INTO `propertyvalue` VALUES ('188', '杏色', '11', '25');
INSERT INTO `propertyvalue` VALUES ('189', 'M L XL XXL', '12', '25');
INSERT INTO `propertyvalue` VALUES ('202', '时尚都市', '3', '28');
INSERT INTO `propertyvalue` VALUES ('203', '标准', '2', '28');
INSERT INTO `propertyvalue` VALUES ('204', '棉100%', '1', '28');
INSERT INTO `propertyvalue` VALUES ('205', '纯色', '7', '28');
INSERT INTO `propertyvalue` VALUES ('206', '立领', '6', '28');
INSERT INTO `propertyvalue` VALUES ('207', '中长款', '4', '28');
INSERT INTO `propertyvalue` VALUES ('208', '青年', '9', '28');
INSERT INTO `propertyvalue` VALUES ('209', '通勤', '3', '29');
INSERT INTO `propertyvalue` VALUES ('210', '直筒', '2', '29');
INSERT INTO `propertyvalue` VALUES ('211', '2018年春季', '10', '29');
INSERT INTO `propertyvalue` VALUES ('212', '棉100%', '1', '29');
INSERT INTO `propertyvalue` VALUES ('213', '圆点', '7', '29');
INSERT INTO `propertyvalue` VALUES ('214', 'POLO领', '6', '29');
INSERT INTO `propertyvalue` VALUES ('215', '长袖', '5', '29');
INSERT INTO `propertyvalue` VALUES ('216', '常规款', '4', '29');
INSERT INTO `propertyvalue` VALUES ('217', '25-29周岁', '9', '29');
INSERT INTO `propertyvalue` VALUES ('218', 'INMAN/茵曼', '8', '29');
INSERT INTO `propertyvalue` VALUES ('219', '浅普蓝（现货，领券减10） 象牙白（领券减10） 粉桃红（现货，领券减10）', '11', '29');
INSERT INTO `propertyvalue` VALUES ('220', 'S M L XL', '12', '29');
INSERT INTO `propertyvalue` VALUES ('225', '通勤', '3', '31');
INSERT INTO `propertyvalue` VALUES ('226', '宽松', '2', '31');
INSERT INTO `propertyvalue` VALUES ('227', '2018年春季', '10', '31');
INSERT INTO `propertyvalue` VALUES ('228', '其他100%', '1', '31');
INSERT INTO `propertyvalue` VALUES ('229', '其他', '7', '31');
INSERT INTO `propertyvalue` VALUES ('230', 'V领', '6', '31');
INSERT INTO `propertyvalue` VALUES ('231', '长袖', '5', '31');
INSERT INTO `propertyvalue` VALUES ('232', '中长款', '4', '31');
INSERT INTO `propertyvalue` VALUES ('233', '瑷珊', '8', '31');
INSERT INTO `propertyvalue` VALUES ('234', '浅咖色 黑色 红色', '11', '31');
INSERT INTO `propertyvalue` VALUES ('235', 'S M L XL', '12', '31');
INSERT INTO `propertyvalue` VALUES ('242', '青春流行', '3', '33');
INSERT INTO `propertyvalue` VALUES ('243', '标准', '2', '33');
INSERT INTO `propertyvalue` VALUES ('244', '棉100%', '1', '33');
INSERT INTO `propertyvalue` VALUES ('245', '圆领', '6', '33');
INSERT INTO `propertyvalue` VALUES ('246', '短袖', '5', '33');
INSERT INTO `propertyvalue` VALUES ('247', '通勤', '3', '34');
INSERT INTO `propertyvalue` VALUES ('248', '修身', '2', '34');
INSERT INTO `propertyvalue` VALUES ('249', '2018年夏季', '10', '34');
INSERT INTO `propertyvalue` VALUES ('250', '棉92.2% 聚氨酯弹性纤维(氨纶)7.8%', '1', '34');
INSERT INTO `propertyvalue` VALUES ('251', '纯色', '7', '34');
INSERT INTO `propertyvalue` VALUES ('252', '圆领', '6', '34');
INSERT INTO `propertyvalue` VALUES ('253', '短袖', '5', '34');
INSERT INTO `propertyvalue` VALUES ('254', '常规款', '4', '34');
INSERT INTO `propertyvalue` VALUES ('255', '25-29周岁', '9', '34');
INSERT INTO `propertyvalue` VALUES ('256', 'Mefound/棉立方', '8', '34');
INSERT INTO `propertyvalue` VALUES ('257', '茉莉白 玫瑰灰 天青', '11', '34');
INSERT INTO `propertyvalue` VALUES ('258', 'S M L XL', '12', '34');
INSERT INTO `propertyvalue` VALUES ('271', '青春流行', '3', '37');
INSERT INTO `propertyvalue` VALUES ('272', '标准', '2', '37');
INSERT INTO `propertyvalue` VALUES ('273', '棉96.9% 聚氨酯弹性纤维(氨纶)3.1%', '1', '37');
INSERT INTO `propertyvalue` VALUES ('274', '字母数字', '7', '37');
INSERT INTO `propertyvalue` VALUES ('275', '圆领', '6', '37');
INSERT INTO `propertyvalue` VALUES ('276', '短袖', '5', '37');
INSERT INTO `propertyvalue` VALUES ('277', '青年', '9', '37');
INSERT INTO `propertyvalue` VALUES ('290', '通勤', '3', '40');
INSERT INTO `propertyvalue` VALUES ('291', '宽松', '2', '40');
INSERT INTO `propertyvalue` VALUES ('292', '2018年夏季', '10', '40');
INSERT INTO `propertyvalue` VALUES ('293', '棉59.2% 聚酯纤维36.7% 聚氨酯弹性纤维(氨纶)4.1%', '1', '40');
INSERT INTO `propertyvalue` VALUES ('294', '几何图案 字母', '7', '40');
INSERT INTO `propertyvalue` VALUES ('295', '圆领', '6', '40');
INSERT INTO `propertyvalue` VALUES ('296', '短袖', '5', '40');
INSERT INTO `propertyvalue` VALUES ('297', '常规款', '4', '40');
INSERT INTO `propertyvalue` VALUES ('298', '18-24周岁', '9', '40');
INSERT INTO `propertyvalue` VALUES ('299', '柠衣阁', '8', '40');
INSERT INTO `propertyvalue` VALUES ('300', '【2件69.9】9052黄色+6477砖红色 【2件69.9】9052黄色+6480芒果黄 【2件', '11', '40');
INSERT INTO `propertyvalue` VALUES ('301', 'M L XL XXL', '12', '40');
INSERT INTO `propertyvalue` VALUES ('302', '甜美', '3', '41');
INSERT INTO `propertyvalue` VALUES ('303', '直筒', '2', '41');
INSERT INTO `propertyvalue` VALUES ('304', '2018年夏季', '10', '41');
INSERT INTO `propertyvalue` VALUES ('305', '棉100%', '1', '41');
INSERT INTO `propertyvalue` VALUES ('306', '卡通动漫 动物图案 字母', '7', '41');
INSERT INTO `propertyvalue` VALUES ('307', '圆领', '6', '41');
INSERT INTO `propertyvalue` VALUES ('308', '短袖', '5', '41');
INSERT INTO `propertyvalue` VALUES ('309', '常规款', '4', '41');
INSERT INTO `propertyvalue` VALUES ('310', '18-24周岁', '9', '41');
INSERT INTO `propertyvalue` VALUES ('311', '相公娘子', '8', '41');
INSERT INTO `propertyvalue` VALUES ('312', '灰色反1社1交1 粉色反社交1 sup白色1 灰色sup 黑色sup1 蓝色sup1 粉色sup1', '11', '41');
INSERT INTO `propertyvalue` VALUES ('313', 'S M L XL XXL XXXL', '12', '41');
INSERT INTO `propertyvalue` VALUES ('314', '粘胶纤维(粘纤)55% 聚酯纤维45%', '13', '6');
INSERT INTO `propertyvalue` VALUES ('315', '青春流行', '15', '6');
INSERT INTO `propertyvalue` VALUES ('316', '朋友', '18', '6');
INSERT INTO `propertyvalue` VALUES ('317', '青年', '21', '6');

-- ----------------------------
-- Table structure for review
-- ----------------------------
DROP TABLE IF EXISTS `review`;
CREATE TABLE `review` (
  `review_id` int(10) NOT NULL AUTO_INCREMENT,
  `review_content` mediumtext NOT NULL COMMENT '内容',
  `review_createdate` datetime NOT NULL COMMENT '创建日期',
  `review_user_id` int(10) NOT NULL COMMENT '关联用户id',
  `review_product_id` int(10) NOT NULL COMMENT '关联产品id',
  `review_orderItem_id` int(10) NOT NULL COMMENT '关联订单i详细id',
  PRIMARY KEY (`review_id`) USING BTREE,
  KEY `review_user_id` (`review_user_id`) USING BTREE,
  KEY `review_product_id` (`review_product_id`) USING BTREE,
  KEY `review_orderItem_id` (`review_orderItem_id`) USING BTREE,
  CONSTRAINT `review_ibfk_1` FOREIGN KEY (`review_user_id`) REFERENCES `user` (`user_id`),
  CONSTRAINT `review_ibfk_2` FOREIGN KEY (`review_product_id`) REFERENCES `product` (`product_id`),
  CONSTRAINT `review_ibfk_3` FOREIGN KEY (`review_orderItem_id`) REFERENCES `productorderitem` (`productorderitem_id`)
) ENGINE=InnoDB AUTO_INCREMENT=80 DEFAULT CHARSET=utf8 ROW_FORMAT=DYNAMIC COMMENT='评论表';

-- ----------------------------
-- Records of review
-- ----------------------------
INSERT INTO `review` VALUES ('77', 'good', '2021-04-25 00:00:00', '22', '13', '295');
INSERT INTO `review` VALUES ('78', '太少了', '2021-04-26 00:00:00', '22', '24', '296');
INSERT INTO `review` VALUES ('79', '非常好非常好非常好非常好', '2021-04-26 00:00:00', '22', '30', '306');

-- ----------------------------
-- Table structure for user
-- ----------------------------
DROP TABLE IF EXISTS `user`;
CREATE TABLE `user` (
  `user_id` int(10) NOT NULL AUTO_INCREMENT,
  `user_name` varchar(25) CHARACTER SET utf8 COLLATE utf8_bin NOT NULL COMMENT '用户名',
  `user_nickname` varchar(50) NOT NULL COMMENT '昵称',
  `user_password` varchar(50) CHARACTER SET utf8 COLLATE utf8_bin NOT NULL COMMENT '密码',
  `user_realname` varchar(20) DEFAULT NULL COMMENT '姓名',
  `user_gender` tinyint(1) NOT NULL COMMENT '性别',
  `user_birthday` date NOT NULL COMMENT '出生日期',
  `user_address` char(6) NOT NULL COMMENT '所在地地址',
  `user_homeplace` char(6) NOT NULL COMMENT '家乡',
  `user_profile_picture_src` varchar(100) DEFAULT NULL COMMENT '用户头像',
  PRIMARY KEY (`user_id`) USING BTREE,
  UNIQUE KEY `un_user_name` (`user_name`) USING BTREE,
  KEY `user_address` (`user_address`) USING BTREE,
  KEY `user_homeplace` (`user_homeplace`) USING BTREE,
  CONSTRAINT `user_ibfk_1` FOREIGN KEY (`user_address`) REFERENCES `address` (`address_areaId`),
  CONSTRAINT `user_ibfk_2` FOREIGN KEY (`user_homeplace`) REFERENCES `address` (`address_areaId`)
) ENGINE=InnoDB AUTO_INCREMENT=24 DEFAULT CHARSET=utf8 ROW_FORMAT=DYNAMIC COMMENT='用户表';

-- ----------------------------
-- Records of user
-- ----------------------------
INSERT INTO `user` VALUES ('1', 'a120', 'MRJIANG', 'a123456', '??', '0', '2013-12-01', '610112', '110100', '8ba4edd6-0c92-46be-b9c4-65fa4883426b.jpg');
INSERT INTO `user` VALUES ('3', 'MRJIANG', '如有巧合', 'cc123.0', '流年', '0', '2018-05-11', '110101', '130000', '5835a2b3-5f44-4423-812e-1ad5cecb3020.png');
INSERT INTO `user` VALUES ('7', '李浩', '李', 'cc123.0', '李浩', '0', '1997-06-22', '110109', '130000', 'fd834bfc-da2c-4dce-907e-1df54415b0fd.jpg');
INSERT INTO `user` VALUES ('8', '聚散又依依', '聚散又依依', 'a1392432919', '邓云涛', '0', '1997-04-05', '110101', '130000', '78659273-05ec-4089-b94c-789f61ecdbf6.jpg');
INSERT INTO `user` VALUES ('9', '红豆豆', '豆豆', 'li19970622', '红豆豆', '1', '2000-05-12', '510923', '130000', '6ffe783e-bbb1-4aa2-8207-b3fda65bcebc.jpg');
INSERT INTO `user` VALUES ('10', '兰文斌', '停车坐爱枫林晚', 'ln221397', '老男孩', '0', '2018-05-10', '511922', '130000', '599e3499-da42-494c-a1ab-85d0548a857a.jpg');
INSERT INTO `user` VALUES ('22', 'he.bi', '打工人', 'b123456', '毕鹤', '0', '2000-09-27', '210204', '130000', '05e8302f-be03-41cb-9766-ac125c0548bf.jpg');
INSERT INTO `user` VALUES ('23', '111', 'xiaoli', 'q111111', null, '1', '2000-02-17', '810101', '130000', null);
